anime_id,character_id,name,role,favorites
55791,188038,"Arima, Kana",Main,7920.0
55791,185313,"Hoshino, Aquamarine",Main,4978.0
55791,195178,"Kurokawa, Akane",Main,4803.0
55791,252088,"Adashino, Mei",Supporting,5.0
55791,254189,Akane's Father,Supporting,0.0
55791,251112,Akane's Mother,Supporting,0.0
55791,227224,"Amamiya, Gorou",Supporting,162.0
55791,256292,"Anemone, Monemone",Supporting,0.0
55791,252092,"Funato, Ryouma",Supporting,0.0
55791,249455,GOA,Supporting,1.0
55791,189840,"Gotanda, Taishi",Supporting,205.0
55791,252091,"Hayashibara, Kiiro",Supporting,0.0
55791,234197,"Himekawa, Airi",Supporting,1.0
55791,205365,"Himekawa, Taiki",Supporting,12.0
55791,255657,Himura,Supporting,1.0
55791,188037,"Hoshino, Ai",Supporting,7500.0
55791,186921,"Hoshino, Ruby",Supporting,2486.0
55791,208889,"Kaburagi, Masaya",Supporting,0.0
55791,225342,"Kamiki, Hikaru",Supporting,39.0
55791,245593,"Kamoshida, Sakuya",Supporting,2.0
55791,256746,"Katayose, Yura",Supporting,0.0
55791,229178,"Kichijouji, Yoriko",Supporting,9.0
55791,249461,"Kindaichi, Toshirou",Supporting,0.0
55791,208887,"Kotobuki, Minami",Supporting,24.0
55791,208885,"Kumano, Nobuyuki",Supporting,2.0
55791,199940,Mem-Cho,Supporting,755.0
55791,252090,"Mita, Norio",Supporting,0.0
55791,208886,"Morimoto, Kengo",Supporting,2.0
55791,201315,"Narushima, Melt",Supporting,38.0
55791,204643,"Raida, Sumiaki",Supporting,3.0
55791,189839,"Saitou, Miyako",Supporting,348.0
55791,202179,"Samejima, Abiko",Supporting,77.0
55791,208888,"Shiranui, Frill",Supporting,29.0
55791,229629,"Sumi, Yuki",Supporting,10.0
55791,228798,Taishi's Mother,Supporting,1.0
55791,227225,"Tendouji, Sarina",Supporting,122.0
55791,235318,Tsukuyomi,Supporting,16.0
55791,252089,"Yoshidomi, Koyuki",Supporting,0.0
54744,195230,"Kujou, Alisa Mikhailovna",Main,2350.0
54744,195229,"Kuze, Masachika",Main,376.0
54744,252087,Andou,Supporting,0.0
54744,255397,Elementary School Teacher,Supporting,0.0
54744,240419,"Kenzaki, Touya",Supporting,4.0
54744,207920,"Kimishima, Ayano",Supporting,74.0
54744,242158,"Kiyomiya, Hikaru",Supporting,3.0
54744,255331,"Kujou, Akemi",Supporting,8.0
54744,205633,"Kujou, Maria Mikhailovna",Supporting,391.0
54744,252815,"Kuze, Kyoutarou",Supporting,0.0
54744,255330,"Kuze, Tomohisa",Supporting,1.0
54744,242157,"Maruyama, Takeshi",Supporting,3.0
54744,207929,"Miyamae, Nonoa",Supporting,54.0
54744,207924,"Sarashina, Chisaki",Supporting,19.0
54744,255051,"Suou, Gensei",Supporting,0.0
54744,253550,"Suou, Yumi",Supporting,2.0
54744,195231,"Suou, Yuki",Supporting,1534.0
54744,207936,"Taniyama, Sayaka",Supporting,7.0
58059,242683,"Serfort, Elfaria Albis",Main,140.0
58059,242682,"Serfort, Will",Main,115.0
58059,250185,"Alerht, Lunais",Supporting,0.0
58059,250190,"Alf, Ellenor Ljos",Supporting,1.0
58059,254812,"Alfeld, Sarissa",Supporting,0.0
58059,250187,"Anouve, Caldron",Supporting,0.0
58059,250183,"Baret, Gordon",Supporting,0.0
58059,254107,"Challia, Filvis",Supporting,0.0
58059,253018,Donnan,Supporting,0.0
58059,256159,Fin,Supporting,0.0
58059,253772,Gina,Supporting,0.0
58059,255789,Headless,Supporting,0.0
58059,254344,"Holland, Rogue",Supporting,0.0
58059,243800,Kiki,Supporting,18.0
58059,254343,"Klever, Emma",Supporting,0.0
58059,245624,"Lindor, Wignall",Supporting,1.0
58059,250192,Logwell,Supporting,0.0
58059,243799,"Loire, Colette",Supporting,31.0
58059,255651,"Mainy, Karen",Supporting,0.0
58059,253771,"Maius, Mike",Supporting,0.0
58059,255214,"Marcus, Bruno",Supporting,0.0
58059,254850,"Marteau, Flip",Supporting,0.0
58059,255213,Marze,Supporting,0.0
58059,250184,"Marze, Lyril",Supporting,0.0
58059,250186,"Moraine, Jhorua",Supporting,0.0
58059,252340,Narrator,Supporting,0.0
58059,248940,"Nauman, Rosti",Supporting,10.0
58059,248941,"Norgram, Workner",Supporting,2.0
58059,255476,"Nosferat, Eliza",Supporting,0.0
58059,250191,"Oldeking, Aron Masterius",Supporting,0.0
58059,245623,"Owenzaus, Lihanna",Supporting,32.0
58059,253017,"Prehnite, Rose",Supporting,0.0
58059,225024,"Reinberg, Julius",Supporting,1.0
58059,250189,"Reinbolt, Zeo Torzeus",Supporting,3.0
58059,248942,"Serfence, Edward",Supporting,1.0
58059,254105,"Snoke, Palm",Supporting,0.0
58059,250182,"Stellamaris, Iris X.",Supporting,0.0
58059,243801,"Ulster, Sion",Supporting,7.0
58059,254106,"Viridis, Lefiya",Supporting,0.0
58059,250188,"Wiseman, Cariott Incindia",Supporting,0.0
52635,178105,"Ja, Wangnan",Main,100.0
52635,175670,Twenty-Fifth Bam,Main,2543.0
52635,179995,"Akraptor, Hon",Supporting,3.0
52635,256374,"Amae, Sophia",Supporting,0.0
52635,255426,Announcer,Supporting,0.0
52635,255442,Apple,Supporting,0.0
52635,254861,Augusgus,Supporting,0.0
52635,255502,"Blarode, Chang",Supporting,0.0
52635,178910,"Blitz, Quant",Supporting,9.0
52635,255501,"Blitz, Quaetro",Supporting,0.0
52635,255446,Bruce,Supporting,0.0
52635,256291,"Cassano, Beniamino",Supporting,0.0
52635,253991,"Edin, Dan",Supporting,0.0
52635,254206,"Edrok, Alumik",Supporting,0.0
52635,256659,Emile,Supporting,0.0
52635,255444,Fake Viole,Supporting,0.0
52635,256660,Great Teacher,Supporting,0.0
52635,255443,Gyetang,Supporting,1.0
52635,178904,"Ha, Jinsung",Supporting,94.0
52635,178108,Hatz,Supporting,162.0
52635,178106,Hwaryun,Supporting,626.0
52635,178907,"Jahad, Khun Maschenny",Supporting,39.0
52635,175865,"Jahad, Endorsi",Supporting,1240.0
52635,175866,"Jahad, Ha Yuri",Supporting,977.0
52635,175708,"Jahad, Anaak",Supporting,88.0
52635,182409,"Kang, Horyang",Supporting,2.0
52635,178909,Karaka,Supporting,37.0
52635,176657,"Khun, Aguero Agnes",Supporting,4288.0
52635,178906,"Khun, Ran",Supporting,28.0
52635,178110,Lero-Ro,Supporting,166.0
52635,253752,"Lurker, Kim",Supporting,0.0
52635,256494,Maddox,Supporting,0.0
52635,175892,"Mazino, Urek",Supporting,483.0
52635,255276,Michael,Supporting,0.0
52635,255505,Mr. Mole,Supporting,0.0
52635,183860,"Mule, Love",Supporting,0.0
52635,255500,Noma,Supporting,0.0
52635,184218,Novick,Supporting,1.0
52635,184440,"Nya, Nia",Supporting,4.0
52635,186803,Paracule,Supporting,4.0
52635,178109,"Phonsekal, Laure",Supporting,83.0
52635,178914,"Po Bidau, Gustang",Supporting,6.0
52635,256654,Poken,Supporting,0.0
52635,187226,Prince,Supporting,0.0
52635,175893,Rachel,Supporting,335.0
52635,183940,Rapdevil,Supporting,0.0
52635,187227,Reflejo,Supporting,0.0
52635,253750,"Repellista Zahard, Jaina",Supporting,0.0
52635,178104,Shibisu,Supporting,114.0
52635,256495,Snakeman,Supporting,0.0
52635,254860,Tin,Supporting,0.0
52635,256830,Traveler,Supporting,0.0
52635,211567,Verdi,Supporting,0.0
52635,211564,Vespa,Supporting,1.0
52635,175704,"Wraithraiser, Rak",Supporting,1222.0
52635,182821,"Xia, Xia",Supporting,3.0
52635,178553,"Yeo, Goseng",Supporting,1.0
52635,178552,"Yeo, Miseng",Supporting,0.0
52635,178903,"Yeon, Yihwa",Supporting,119.0
52635,255445,Yeongsuk,Supporting,0.0
52635,178111,"Yu, Han Sung",Supporting,50.0
52635,256373,Yuje,Supporting,0.0
58426,244932,"Bashame, Meme",Main,177.0
58426,208619,"Koshi, Anko",Main,49.0
58426,208617,"Koshi, Torako",Main,147.0
58426,208618,"Shikanoko, Noko",Main,492.0
58426,254557,"Inukai, Mitsu",Supporting,0.0
58426,255658,"Kumatori, Souichirou",Supporting,0.0
58426,255986,"Miura, John",Supporting,1.0
58426,244931,Narrator,Supporting,7.0
58426,249578,"Nekoyamada, Neko",Supporting,36.0
58426,249579,"Tanukikouji, Kinu",Supporting,14.0
58426,249580,"Tsubameya, Chiharu",Supporting,11.0
58426,253177,"Tsubameya, Yoshiharu",Supporting,7.0
58426,252321,Ukai,Supporting,4.0
57524,213638,"Komari, Chika",Main,254.0
57524,213636,"Nukumizu, Kazuhiko",Main,130.0
57524,213639,"Yakishio, Lemon",Main,306.0
57524,213637,"Yanami, Anna",Main,1287.0
57524,213644,"Amanatsu, Konami",Supporting,8.0
57524,252619,"Asagumo, Chihaya",Supporting,2.0
57524,252618,"Ayano, Mitsuki",Supporting,0.0
57524,255180,"Basori, Tiara",Supporting,40.0
57524,254054,"Gondou, Asami",Supporting,1.0
57524,252616,"Hakamada, Sousuke",Supporting,1.0
57524,252617,"Himemiya, Karen",Supporting,5.0
57524,255179,"Houkobaru, Hibari",Supporting,3.0
57524,255450,"Komari, Hina",Supporting,0.0
57524,255449,"Komari, Susumu",Supporting,0.0
57524,213645,"Konuki, Sayo",Supporting,22.0
57524,254323,Lemon's Grandmother,Supporting,1.0
57524,255451,Nishikawa,Supporting,0.0
57524,213641,"Nukumizu, Kaju",Supporting,70.0
57524,253400,"Shikiya, Yumeko",Supporting,78.0
57524,213643,"Tamaki, Shintarou",Supporting,3.0
57524,213642,"Tsukinoki, Koto",Supporting,9.0
52367,242644,Annette,Main,14.0
52367,242643,Nir,Main,4.0
52367,213718,Sensei,Main,188.0
52367,242642,Tama,Main,18.0
52367,253566,Aria,Supporting,0.0
52367,254168,Briyard,Supporting,0.0
52367,255282,Cathy,Supporting,0.0
52367,252520,Charlotte,Supporting,0.0
52367,255609,Doran,Supporting,0.0
52367,253564,Elton,Supporting,0.0
52367,256252,Elulu,Supporting,0.0
52367,254601,Esche,Supporting,6.0
52367,255610,Femmelos,Supporting,0.0
52367,253853,Glasses,Supporting,0.0
52367,252842,Gomez,Supporting,0.0
52367,255925,Hikari,Supporting,0.0
52367,251237,Kaibara,Supporting,0.0
52367,254170,Kojika,Supporting,0.0
52367,252840,Koutarou,Supporting,1.0
52367,253851,Kyoutarou,Supporting,0.0
52367,254169,Lapama,Supporting,0.0
52367,254441,Leon,Supporting,0.0
52367,245529,Melos,Supporting,1.0
52367,253565,Miller,Supporting,0.0
52367,255281,Nate,Supporting,0.0
52367,256251,Oberis,Supporting,1.0
52367,252517,Otto,Supporting,0.0
52367,253567,Pope,Supporting,0.0
52367,256254,Rodos,Supporting,0.0
52367,254991,Sabu,Supporting,0.0
52367,245530,Sacchan,Supporting,3.0
52367,255235,Saitou,Supporting,0.0
52367,251239,Sengoku,Supporting,0.0
52367,256253,Solulu,Supporting,1.0
52367,251236,Suzuki,Supporting,0.0
52367,254167,Syberian,Supporting,0.0
52367,253852,Tetsuo,Supporting,0.0
52367,252516,Thomas,Supporting,0.0
52367,255236,Tooru,Supporting,0.0
52367,252841,Tuxedo Man,Supporting,1.0
52367,246845,Waldelia,Supporting,4.0
52367,251235,Wolf,Supporting,0.0
52367,254602,Yamada,Supporting,0.0
52367,246844,Ysha,Supporting,0.0
52367,251238,Yuriko,Supporting,1.0
52481,193571,"Asamura, Yuuta",Main,67.0
52481,193134,"Ayase, Saki",Main,373.0
52481,193576,"Asamura, Taichi",Supporting,2.0
52481,193577,"Ayase, Akiko",Supporting,2.0
52481,215912,"Fujinami, Kaho",Supporting,11.0
52481,215916,"Kudou, Eiha",Supporting,2.0
52481,193573,"Maru, Tomokazu",Supporting,7.0
52481,193572,"Narasaka, Maaya",Supporting,7.0
52481,255103,"Sakamoto, Daisuke",Supporting,0.0
52481,255104,"Sasaki, Tomoya",Supporting,0.0
52481,255692,Satou,Supporting,0.0
52481,215915,"Shinjou, Keisuke",Supporting,1.0
52481,255691,Suzuki,Supporting,0.0
52481,255102,"Tabata, Yumi",Supporting,0.0
52481,193575,"Yomiuri, Shiori",Supporting,103.0
57892,226837,"Ashrain, Seras",Main,38.0
57892,218817,"Mimori, Touka",Main,36.0
57892,253273,"Adamantine, Lili",Supporting,0.0
57892,256342,"Anarveil, Erika",Supporting,0.0
57892,255700,"Angrin, Agito",Supporting,0.0
57892,252893,Ashura,Supporting,0.0
57892,252549,"Bathard, Anglin",Supporting,0.0
57892,252896,"Blaydins, Magats",Supporting,0.0
57892,255392,Costello,Supporting,0.0
57892,253274,"Dorogetti, Monc",Supporting,0.0
57892,255100,Duke Zuan,Supporting,0.0
57892,252897,"Finebard, Zarash",Supporting,0.0
57892,253275,Fosse,Supporting,0.0
57892,250889,"Gar​​​tla​​​nd, Civit",Supporting,1.0
57892,253601,Gizun,Supporting,0.0
57892,253276,"Harclay, Creed",Supporting,0.0
57892,249055,"Ikusaba, Asagi",Supporting,0.0
57892,249056,"Kashima, Kobato",Supporting,2.0
57892,250888,"Kik​ipat, N​​​​yantan",Supporting,5.0
57892,249050,"Kirihara, Takuto",Supporting,0.0
57892,250887,Lisb​​​eth,Supporting,2.0
57892,254630,"Miradiasordzit, Falkendotzine",Supporting,0.0
57892,253954,Mitama,Supporting,0.0
57892,255099,Muaji,Supporting,0.0
57892,253955,Ortola,Supporting,0.0
57892,253952,Orvan,Supporting,0.0
57892,249052,"Oyamada, Shougo",Supporting,0.0
57892,247283,Piggymaru,Supporting,10.0
57892,254627,"Rowan, Jin",Supporting,0.0
57892,253953,Schweiz,Supporting,0.0
57892,252894,"Sengai, Jiobain",Supporting,0.0
57892,254629,"Sentnokia, Alma",Supporting,0.0
57892,254625,"Sigmus, Ganozea",Supporting,0.0
57892,218818,"Sogou, Ayaka",Supporting,57.0
57892,250886,"Speed, Ev​​e",Supporting,1.0
57892,256035,"Suou, Kayako",Supporting,0.0
57892,249059,"Takao, Itsuki",Supporting,1.0
57892,249058,"Takao, Hijiri",Supporting,2.0
57892,247284,Vicius,Supporting,9.0
57892,254628,"Wolletta, Yusef",Supporting,0.0
57892,249057,"Yasu, Tomohiro",Supporting,0.0
57892,252173,"Zakurogi, Tamotsu",Supporting,0.0
54968,169654,"Kitahama, Eiji",Main,64.0
54968,171556,"Nanakura, Rin",Main,745.0
54968,250524,"Iwata, Tsuguto",Supporting,0.0
54968,250525,Megu,Supporting,1.0
54968,253599,Moe,Supporting,1.0
54968,250523,"Nakayama, Motokuni",Supporting,0.0
54968,182110,"Nanakura, Ayaka",Supporting,5.0
54968,250526,"Shirasawa, Kiri",Supporting,0.0
54968,253600,Shiro,Supporting,1.0
55848,238451,Clayface,Main,12.0
55848,238449,Deadshot,Main,5.0
55848,238452,King Shark,Main,7.0
55848,238450,Peacemaker,Main,12.0
55848,158806,"Quinn, Harley",Main,208.0
55848,251871,Adam,Supporting,0.0
55848,242836,Aldora,Supporting,0.0
55848,242837,Cecil,Supporting,1.0
55848,251135,Enchantress,Supporting,0.0
55848,242835,Fione,Supporting,0.0
55848,242833,"Flag, Rick",Supporting,0.0
55848,157166,Joker,Supporting,63.0
55848,242834,Katana,Supporting,6.0
55848,251136,Killer Croc,Supporting,1.0
55848,255156,Lich,Supporting,0.0
55848,251133,Ratcatcher,Supporting,0.0
55848,251134,Thinker,Supporting,0.0
55848,242832,"Waller, Amanda",Supporting,1.0
54724,192452,"Houjou, Tokiyuki",Main,99.0
54724,194767,"Suwa, Yorishige",Main,33.0
54724,254767,"Asada, Tadahiro",Supporting,0.0
54724,208930,"Ashikaga, Tadayoshi",Supporting,1.0
54724,194765,"Ashikaga, Takauji",Supporting,2.0
54724,208928,Botan,Supporting,0.0
54724,253417,"Boumon, Kiyotada",Supporting,0.0
54724,208943,Byakkotsu,Supporting,0.0
54724,208948,Emperor Go-Daigo,Supporting,0.0
54724,208914,Fubuki,Supporting,15.0
54724,208944,Furan,Supporting,0.0
54724,255777,Genba's Father,Supporting,0.0
54724,208933,"Godaiin, Muneshige",Supporting,0.0
54724,252998,Hikari,Supporting,0.0
54724,252997,Homare,Supporting,0.0
54724,208924,"Hoshina, Yasaburou",Supporting,0.0
54724,192453,"Houjou, Takatoki",Supporting,1.0
54724,208915,"Houjou, Kunitoki",Supporting,0.0
54724,208940,"Ichikawa, Sukefusa",Supporting,0.0
54724,252296,"Kanou, Saburou",Supporting,0.0
54724,208913,"Kazama, Genba",Supporting,5.0
54724,208946,"Kiyohara, Shinanonokami",Supporting,0.0
54724,208932,"Kou no, Moroyasu",Supporting,0.0
54724,208931,"Kou no, Moronao",Supporting,1.0
54724,208953,"Kusunoki, Masashige",Supporting,0.0
54724,194769,"Mochizuki, Ayako",Supporting,5.0
54724,252291,"Nagasaki, Enki",Supporting,0.0
54724,252292,"Nagasaki, Takasuke",Supporting,0.0
54724,208917,"Nagoe, Takaie",Supporting,0.0
54724,253001,Narrator,Supporting,0.0
54724,194770,"Nezu, Kojirou",Supporting,7.0
54724,208939,"Ogasawara, Sadamune",Supporting,3.0
54724,208949,Prince Moriyoshi,Supporting,0.0
54724,208929,Sakae,Supporting,0.0
54724,256449,Setarou,Supporting,0.0
54724,252294,"Settsu no, Kiyoko",Supporting,0.0
54724,252293,"Settsu no, Chikaaki",Supporting,0.0
54724,208925,"Shinomiya, Saemontarou",Supporting,0.0
54724,252295,"Shiota, Jirou",Supporting,0.0
54724,208942,Shirou,Supporting,0.0
54724,194766,Shizuku,Supporting,17.0
54724,208941,Shoukan,Supporting,1.0
54724,208918,"Suwa, Moritaka",Supporting,0.0
54724,208919,"Suwa, Tokitsugu",Supporting,0.0
54724,208921,"Unno, Yukiyasu",Supporting,0.0
54724,208947,"Wada, Yonemaru",Supporting,0.0
54724,256133,"Yuuki, Sanjuurou",Supporting,0.0
57058,245257,"Clays, Lynneburg",Main,6.0
57058,245256,Noor,Main,39.0
57058,245265,Carew,Supporting,0.0
57058,245261,"Clays, Rein",Supporting,2.0
57058,245259,Clays,Supporting,0.0
57058,252547,Dalken,Supporting,0.0
57058,245263,Dandalg,Supporting,0.0
57058,254619,Derrida III,Supporting,0.0
57058,248800,Gilbert,Supporting,0.0
57058,245258,"Harness, Ines",Supporting,2.0
57058,245264,Mianne,Supporting,4.0
57058,245266,Oken,Supporting,0.0
57058,255101,Randeus,Supporting,0.0
57058,248799,Rolo,Supporting,2.0
57058,245267,Sain,Supporting,0.0
57058,245262,Sig,Supporting,0.0
57058,252873,Stella,Supporting,0.0
57058,254212,Zadu,Supporting,1.0
49785,22723,Charlés,Main,161.0
49785,5187,"Dragneel, Natsu",Main,22361.0
49785,4839,"Fullbuster, Gray",Main,7584.0
49785,5188,Happy,Main,4195.0
49785,5186,"Heartfilia, Lucy",Main,7913.0
49785,28886,"Marvell, Wendy",Main,1758.0
49785,5189,"Scarlet, Erza",Main,19078.0
49785,62439,"Aguria, Yukino",Supporting,66.0
49785,36687,"Akatsuki, Ren",Supporting,2.0
49785,8296,"Alberona, Cana",Supporting,315.0
49785,31193,"Alors, Max",Supporting,1.0
49785,28559,Angel,Supporting,30.0
49785,26799,Aquarius,Supporting,123.0
49785,142768,August,Supporting,21.0
49785,29752,Bickslow,Supporting,56.0
49785,31156,Bob,Supporting,6.0
49785,130964,Brandish μ,Supporting,135.0
49785,51153,"Cheney, Rogue",Supporting,327.0
49785,29502,"Clive, Gildarts",Supporting,906.0
49785,31146,"Conbolt, Macao",Supporting,0.0
49785,28546,"Connell, Alzack",Supporting,13.0
49785,142549,"Dragneel, Larcade",Supporting,36.0
49785,5333,"Dreyar, Makarov",Supporting,198.0
49785,8294,"Dreyar, Laxus",Supporting,2191.0
49785,163664,Elefseria,Supporting,0.0
49785,51171,"Eucliffe, Sting",Supporting,487.0
49785,29755,Evergreen,Supporting,10.0
49785,22751,"Fernandes, Jellal",Supporting,2920.0
49785,51183,Frosch,Supporting,411.0
49785,31157,Goldmine,Supporting,0.0
49785,40157,Igneel,Supporting,86.0
49785,177100,Ignia,Supporting,10.0
49785,29754,"Justine, Freed",Supporting,209.0
49785,248032,Karameel,Supporting,0.0
49785,194520,Kiria,Supporting,1.0
49785,35202,"Laytis, Hibiki",Supporting,21.0
49785,51185,Lector,Supporting,5.0
49785,9719,"Lockser, Juvia",Supporting,3654.0
49785,194521,Madmole,Supporting,1.0
49785,29493,"McGarden, Levy",Supporting,817.0
49785,164912,Mercphobia,Supporting,5.0
49785,31153,"Mine, Wakaba",Supporting,1.0
49785,28548,"Mulan, Bisca",Supporting,11.0
49785,31195,"Olietta, Laki",Supporting,4.0
49785,33526,Pantherlily,Supporting,88.0
49785,31192,Porlyusica,Supporting,3.0
49785,61229,"Realight, Jenny",Supporting,8.0
49785,16893,"Redfox, Gajeel",Supporting,2674.0
49785,56775,Rob,Supporting,3.0
49785,31194,"Rocko, Warren",Supporting,0.0
49785,194517,Selene,Supporting,6.0
49785,194519,Skullion Raider,Supporting,0.0
49785,30225,"Strauss, Lisanna",Supporting,184.0
49785,5190,"Strauss, Mirajane",Supporting,1545.0
49785,5334,"Strauss, Elfman",Supporting,89.0
49785,36718,"Tilm, Eve",Supporting,4.0
49785,164911,Touka,Supporting,4.0
49785,37771,"Vandalay Kotobuki, Ichiya",Supporting,166.0
49785,50163,"Vermillion, Mavis",Supporting,1499.0
49785,28116,Virgo,Supporting,143.0
49785,36689,Yajima,Supporting,0.0
49785,37720,Zeref,Supporting,1954.0
54913,235205,"Ashorc, Broughston",Main,7.0
54913,235207,"Draqul, Alicerette",Main,14.0
54913,235206,"Eldwarf, Mizett",Main,1.0
54913,235204,"Elfelt, Reanette",Main,76.0
54913,235203,"Gladiatol, Rick",Main,22.0
54913,252744,Adolf,Supporting,0.0
54913,254130,"Blacksmith, Daniel Dan",Supporting,0.0
54913,256222,"Bronzeleo, Reinhard",Supporting,0.0
54913,255260,Commentator,Supporting,1.0
54913,243974,"Diarmuit, Raster",Supporting,0.0
54913,243973,"Diarmuit, Angelica",Supporting,10.0
54913,243975,"Diarmuit, Freed",Supporting,0.0
54913,251971,Domuld,Supporting,0.0
54913,251972,"Ellsernia, Sylvester",Supporting,0.0
54913,254132,Gold,Supporting,0.0
54913,251970,"Granger, Alica",Supporting,3.0
54913,254135,Grit,Supporting,0.0
54913,253117,"Hurworth, Zaid",Supporting,0.0
54913,249313,"Laurot, Linx",Supporting,0.0
54913,253462,"Lucas, Rei",Supporting,0.0
54913,254131,Milicia,Supporting,1.0
54913,251942,Narrator,Supporting,0.0
54913,254133,Nicholas,Supporting,0.0
54913,250881,"Resurrect, Snape",Supporting,0.0
54913,250879,"Resurrect, Geese",Supporting,0.0
54913,254391,"Thompson, Helen",Supporting,0.0
54913,254134,Tris,Supporting,0.0
54913,249314,"Urwolf, Kelvin",Supporting,1.0
57876,207950,Ike,Main,6.0
57876,207953,Alistair,Supporting,1.0
57876,252481,Basteo,Supporting,0.0
57876,253532,Batson,Supporting,0.0
57876,254184,Beio,Supporting,0.0
57876,254561,Carossa,Supporting,0.0
57876,207955,Cefiro,Supporting,26.0
57876,207954,Dairokuten Demon Lord,Supporting,10.0
57876,254186,E Rudole,Supporting,0.0
57876,207958,Fiorentina,Supporting,0.0
57876,254185,Gamos,Supporting,0.0
57876,207956,Günther,Supporting,0.0
57876,252483,Jace,Supporting,0.0
57876,207961,Jiron,Supporting,5.0
57876,254183,Kushana,Supporting,0.0
57876,207952,Lilith,Supporting,4.0
57876,254560,"Octave, Eltria",Supporting,0.0
57876,207957,"Octave, Julia",Supporting,0.0
57876,247488,Romberg,Supporting,1.0
57876,207951,Satie,Supporting,3.0
57876,255329,Walter,Supporting,0.0
53802,196218,"Amano, Ririsa",Main,150.0
53802,208231,"Kisaki, Aria",Main,8.0
53802,208230,Noa,Main,15.0
53802,196217,"Okumura, Masamune",Main,15.0
53802,196219,"Tachibana, Mikari",Main,165.0
53802,208246,753♡,Supporting,17.0
53802,253859,Akane,Supporting,0.0
53802,253297,Akito,Supporting,0.0
53802,253860,Bakiko,Supporting,0.0
53802,208240,Eri,Supporting,2.0
53802,208232,"Hanyuu, Mayuri",Supporting,40.0
53802,255784,"Higarashi, Yoichi",Supporting,0.0
53802,254741,"Kakehashi, Asami",Supporting,0.0
53802,208237,Magino,Supporting,2.0
53802,253861,Miyabi,Supporting,1.0
53802,208238,Ogino,Supporting,0.0
53802,254742,Saitou,Supporting,0.0
53802,253858,Suzuki,Supporting,0.0
53802,208233,"Taki, Midori",Supporting,8.0
56062,151626,"Anise, Jeanne E.",Main,11.0
56062,151627,Rinne,Main,30.0
56062,151625,"Vento, Kai Sakura",Main,12.0
56062,254066,Alfreya,Supporting,0.0
56062,183640,"Alighieri, Dante Guelph",Supporting,0.0
56062,255441,Asurasoraka,Supporting,0.0
56062,255755,Balmung,Supporting,0.0
56062,254068,Great Elder,Supporting,1.0
56062,183637,"Highroll, Ashran",Supporting,0.0
56062,183645,Hinemarill,Supporting,2.0
56062,183638,"Miskotti, Saki",Supporting,0.0
56062,254067,Qubirey,Supporting,1.0
56062,254330,Raphaelo,Supporting,0.0
56062,183648,Rasterizer A,Supporting,1.0
56062,253397,Rasterizer B,Supporting,0.0
56062,254756,Rasterizer C,Supporting,0.0
56062,255187,Rath=IE,Supporting,0.0
56062,183646,"Reicherieru, Reiren Reiru",Supporting,4.0
56062,255186,"Rikugen, Kyouko",Supporting,2.0
56062,183643,Sid,Supporting,0.0
56062,254329,Silk,Supporting,0.0
56062,183644,Vanessa,Supporting,10.0
56062,254328,Vicious,Supporting,0.0
56062,183639,"Yubikitasu, Falin Rina",Supporting,4.0
56062,254069,Zefven,Supporting,0.0
57810,243894,"Doujima, Kengo",Main,3.0
57810,240639,"Kobato, Jougorou",Main,15.0
57810,240640,"Osanai, Yuki",Main,91.0
57810,252663,"Doujima, Chisato",Supporting,0.0
57810,255185,Hayashi,Supporting,0.0
57810,255769,"Hiya, Yuuto",Supporting,0.0
57810,255182,"Houjou, Tomoko",Supporting,0.0
57810,255181,"Isawa, Hasemi",Supporting,0.0
57810,254071,"Itsukaichi, Kimiya",Supporting,0.0
57810,255453,"Kawamata, Sanae",Supporting,0.0
57810,254763,"Kawamata, Kasumi",Supporting,0.0
57810,254070,"Makishima, Midori",Supporting,0.0
57810,254072,"Monchi, Jouji",Supporting,0.0
57810,255768,"Nakamaru, Tokiko",Supporting,1.0
57810,254764,Osanai's Mother,Supporting,2.0
57810,252272,Ozaki,Supporting,0.0
57810,252271,Sakagami,Supporting,0.0
57810,252270,Shimomura,Supporting,0.0
57810,255184,Souda,Supporting,0.0
57810,252269,Takada,Supporting,0.0
57810,255183,Ueno,Supporting,0.0
57810,255767,"Urino, Takahiko",Supporting,1.0
57810,252268,Yoshiguchi,Supporting,1.0
49981,155497,Iska,Main,232.0
49981,155676,"Lou Nebulis IX, Aliceliese",Main,466.0
49981,184402,"Alkastone, Nene",Supporting,35.0
49981,250216,Garganly,Supporting,0.0
49981,251819,Growley,Supporting,0.0
49981,250218,"Gunfight, Magnacasa",Supporting,0.0
49981,252286,"Hydra, Vichyssoise Alek",Supporting,0.0
49981,185745,"In Empire, Risya",Supporting,11.0
49981,245540,Johaim,Supporting,0.0
49981,252817,Kisasage,Supporting,0.0
49981,184403,"Klass, Mismis",Supporting,37.0
49981,187837,Lord Mask,Supporting,0.0
49981,186221,"Lou Nebulis IX, Sisbell",Supporting,49.0
49981,189589,"Lou Nebulis IX, Elletear",Supporting,7.0
49981,186222,"Lou Nebulis VIII, Millavair",Supporting,9.0
49981,253199,"Meeshat, Mifo",Supporting,0.0
49981,245539,Mei,Supporting,0.0
49981,185746,Nameless,Supporting,5.0
49981,250215,"Newton, Sir Karossos",Supporting,0.0
49981,193111,Salinger,Supporting,2.0
49981,252478,Schwartz,Supporting,0.0
49981,184404,"Syulargun, Jhin",Supporting,17.0
49981,251821,Talisman,Supporting,0.0
49981,253200,Triz,Supporting,0.0
49981,184405,"Vispose, Rin",Supporting,31.0
49981,252816,Warvick,Supporting,0.0
49981,187838,"Zoa Nebulis IX, Kissing",Supporting,2.0
56063,153798,YoRHa 2-gou B-gata,Main,2189.0
56063,153870,YoRHa 9-gou S-gata,Main,591.0
56063,154019,YoRHa A-gata 2-gou,Main,522.0
56063,252604,10S,Supporting,0.0
56063,252603,11S,Supporting,0.0
56063,252608,12B,Supporting,0.0
56063,252607,14B,Supporting,0.0
56063,252605,32S,Supporting,0.0
56063,252948,3B,Supporting,0.0
56063,252606,4S,Supporting,0.0
56063,226090,Accord,Supporting,2.0
56063,155960,Adam,Supporting,10.0
56063,156700,Anemone,Supporting,1.0
56063,156701,Commander White,Supporting,22.0
56063,225946,Dahlia,Supporting,0.0
56063,225945,Daisy,Supporting,0.0
56063,154111,Devola,Supporting,25.0
56063,157534,Emil,Supporting,146.0
56063,155961,Eve,Supporting,2.0
56063,225948,Futaba,Supporting,0.0
56063,225944,Gerbera,Supporting,0.0
56063,225942,Jackass,Supporting,3.0
56063,223739,Kin,Supporting,0.0
56063,223737,Konna,Supporting,0.0
56063,220760,Lily,Supporting,6.0
56063,255416,Machiya,Supporting,0.0
56063,225949,Marguerite,Supporting,0.0
56063,253659,No. 1,Supporting,0.0
56063,253661,No. 13,Supporting,0.0
56063,225940,No. 16,Supporting,0.0
56063,225941,No. 21,Supporting,0.0
56063,253660,No. 3,Supporting,0.0
56063,225939,No. 4,Supporting,6.0
56063,218860,Operator 21O,Supporting,1.0
56063,218859,Operator 6O,Supporting,4.0
56063,165671,Pascal,Supporting,34.0
56063,156699,Pod 042,Supporting,19.0
56063,156698,Pod 153,Supporting,7.0
56063,256399,Pod 567,Supporting,0.0
56063,154112,Popola,Supporting,19.0
56063,156696,Red Girl,Supporting,1.0
56063,225943,Rose,Supporting,0.0
56063,255417,Wata,Supporting,0.0
56063,225947,Yotsuba,Supporting,0.0
57217,127022,"Miller, Shun",Main,23.0
57217,127023,"Mimori, Byakuya",Main,70.0
57217,194494,Alcyone,Supporting,0.0
57217,194492,Bellatrix,Supporting,1.0
57217,248733,Betelgeuse,Supporting,0.0
57217,194490,Byakuya's Angel,Supporting,6.0
57217,194489,Fomalhaut,Supporting,1.0
57217,194491,Hibana's Angel,Supporting,5.0
57217,127024,"Kagari, Hibana",Supporting,8.0
57217,194493,Sadalsudh,Supporting,1.0
57217,194495,Spica,Supporting,0.0
57864,24195,"Araragi, Tsukihi",Main,1324.0
57864,22036,"Araragi, Koyomi",Main,29200.0
57864,138576,Deathtopia Virtuoso Suicide-Master,Main,35.0
57864,57499,"Ononoki, Yotsugi",Main,3772.0
57864,23602,"Oshino, Shinobu",Main,32759.0
57864,22050,"Sengoku, Nadeko",Main,4513.0
57864,24194,"Araragi, Karen",Supporting,1668.0
57864,257045,"Civia, Sylvia",Supporting,0.0
57864,87115,"Gaen, Izuko",Supporting,238.0
57864,22052,"Hachikuji, Mayoi",Supporting,7341.0
57864,255752,"Hamukai, Meniko",Supporting,3.0
57864,255754,"Harimaze, Kie",Supporting,1.0
57864,112277,"Higasa, Seiu",Supporting,10.0
57864,57501,"Kagenui, Yozuru",Supporting,91.0
57864,22054,"Kanbaru, Suruga",Supporting,5014.0
57864,257043,"Mayoko, Reika",Supporting,0.0
57864,130739,"Oikura, Sodachi",Supporting,1073.0
57864,257046,"Ooki, Seiko",Supporting,0.0
57864,90393,"Oshino, Ougi",Supporting,4300.0
57864,22037,"Senjougahara, Hitagi",Supporting,40541.0
57864,257042,"Shounou, Mitono",Supporting,0.0
57864,138577,Tropicalesque Home-A-Wave Dog-Strings,Supporting,2.0
57864,257044,"Umikawa, Nikawa",Supporting,0.0
56538,13531,"Kazehaya, Shouta",Main,3192.0
56538,6977,"Kuronuma, Sawako",Main,8086.0
56538,13534,"Sanada, Ryuu",Main,1014.0
56538,13533,"Yano, Ayane",Main,699.0
56538,13532,"Yoshida, Chizuru",Main,781.0
56538,13535,"Arai, Kazuichi",Supporting,234.0
56538,28460,"Endou, Tomoko",Supporting,2.0
56538,28461,"Hirano, Eriko",Supporting,0.0
56538,30264,"Jounouchi, Souichi",Supporting,12.0
56538,29978,"Kazehaya, Touta",Supporting,3.0
56538,253713,"Kazehaya, Tokie",Supporting,0.0
56538,253712,"Kazehaya, Shouichirou",Supporting,0.0
56538,29979,"Kuronuma, Kitao",Supporting,1.0
56538,29980,"Kuronuma, Youko",Supporting,2.0
56538,14117,"Kurumizawa, Ume",Supporting,239.0
56538,17874,"Miura, Kento",Supporting,77.0
56538,40716,"Motoki, Mogi",Supporting,0.0
56538,248789,"Okamoto, Jun",Supporting,0.0
56538,16725,"Sanada, Tooru",Supporting,8.0
56538,52351,"Sanada, Tetsuko",Supporting,0.0
56538,29977,"Sanada, Genji",Supporting,2.0
56538,39586,"Takahashi, Chigusa",Supporting,1.0
56538,253802,"Tsuruoka, Tomokazu",Supporting,0.0
56538,53905,"Yoshida, Father",Supporting,0.0
56538,97999,"Yoshida, Chiaki",Supporting,0.0
54855,207050,"Aoi, Saki",Main,71.0
54855,207049,"Hanaoka, Makoto",Main,120.0
54855,207051,"Taiga, Ryuuji",Main,57.0
54855,230330,"Aoi, Masako",Supporting,1.0
54855,230329,"Aoi, Yuuji",Supporting,0.0
54855,254252,"Endou, Tooru",Supporting,0.0
54855,230564,"Hanaoka, Takahiro",Supporting,0.0
54855,230331,"Hanaoka, Mika",Supporting,0.0
54855,252913,"Hanekawa, Kaede",Supporting,0.0
54855,230559,"Hayase, Ai",Supporting,1.0
54855,230562,"Ishikawa, Chihiro",Supporting,0.0
54855,230561,"Kawasaki, Eiichirou",Supporting,2.0
54855,255435,"Kotake, Koutarou",Supporting,0.0
54855,256394,Otonari-san,Supporting,0.0
54855,230560,"Saotome, Jun",Supporting,1.0
54855,255699,"Satou, Kyoko",Supporting,0.0
54855,229917,"Taiga, Konatsu",Supporting,2.0
54855,254661,"Taiga, Miki",Supporting,0.0
54855,255434,"Taiga, Ryuuichi",Supporting,0.0
54855,254254,"Tanichi, Kanako",Supporting,0.0
54855,254255,"Yoshida, Miyo",Supporting,0.0
48896,116281,Momonga,Main,13580.0
48896,116275,Albedo,Supporting,8332.0
48896,161566,"Baraja, Neia",Supporting,213.0
48896,255807,"Baraja, Pabel",Supporting,0.0
48896,239009,"Bessarez, Calca",Supporting,2.0
48896,255806,"Bessarez, Caspond",Supporting,0.0
48896,245416,"Custodio, Kelart",Supporting,1.0
48896,227628,"Custodio, Remedios",Supporting,1.0
48896,118349,CZ2128 Delta,Supporting,319.0
48896,116323,Demiurge,Supporting,1233.0
48896,255808,"Montagnés, Gustav",Supporting,0.0
53128,218099,Atri,Main,157.0
53128,231467,"Ikaruga, Natsuki",Main,8.0
53128,234500,Catherine,Supporting,6.0
53128,252665,"Ikaruga, Shina",Supporting,0.0
53128,253694,Junk Shop Owner,Supporting,0.0
53128,234498,"Kamishiro, Minamo",Supporting,4.0
53128,253404,Miyo,Supporting,0.0
53128,234501,"Nanami, Ririka",Supporting,4.0
53128,234499,"Nojima, Ryuuji",Supporting,1.0
53128,254324,Saki,Supporting,0.0
53128,253403,Tooru,Supporting,0.0
53128,252666,"Yachigusa, Nonko",Supporting,0.0
53128,254766,Yasuda,Supporting,0.0
53128,254325,Yoko,Supporting,0.0
57380,213907,Allen,Main,14.0
57380,213906,Elena,Main,17.0
57380,160242,"Kayano, Takumi",Main,8.0
57380,255932,Bolt,Supporting,0.0
57380,253055,"Clantz, Sagesse",Supporting,0.0
57380,252343,Dominic,Supporting,0.0
57380,255933,Feat,Supporting,0.0
57380,254108,Galdo,Supporting,0.0
57380,252695,Gilm,Supporting,0.0
57380,253053,Iris,Supporting,1.0
57380,253054,Johan,Supporting,0.0
57380,255931,Joule,Supporting,0.0
57380,254825,Karen,Supporting,0.0
57380,255225,Latis,Supporting,0.0
57380,252341,"Lowain, Granvault",Supporting,0.0
57380,252342,Luna,Supporting,0.0
57380,254110,Maiya,Supporting,0.0
57380,252344,Michelle,Supporting,0.0
57380,253744,Mikohime,Supporting,0.0
57380,253745,Milena,Supporting,1.0
57380,252345,Rhode,Supporting,0.0
57380,255223,"Risner, Olivie",Supporting,0.0
57380,252693,"Risner, Isaac",Supporting,1.0
57380,255224,"Risner, Theodore",Supporting,0.0
57380,254824,"Risner, Cedric",Supporting,0.0
57380,254361,Rudeus,Supporting,0.0
57380,252694,Rudolf,Supporting,0.0
57380,255496,Ryan,Supporting,0.0
57380,254823,Salamantyll,Supporting,0.0
57380,244884,Silphyleel,Supporting,5.0
57380,253052,"Tierra, Farrius",Supporting,0.0
57380,254826,Vivianne,Supporting,1.0
57380,254109,Wind,Supporting,0.0
57380,252696,Zach,Supporting,0.0
57646,241861,Lucelia,Main,5.0
57646,239699,Sylphy,Main,11.0
57646,239698,"Takagi, Kaito",Main,3.0
57646,254327,Berulia,Supporting,1.0
57646,255177,Captain Katsuragi,Supporting,0.0
57646,252290,Hitsugaya,Supporting,0.0
57646,250226,"Jinguuji, Airi",Supporting,1.0
57646,239700,"Katsuragi, Haruka",Supporting,4.0
57646,252289,"Maezawa, Yumi",Supporting,0.0
57646,241765,"Mizutani, Hayato",Supporting,0.0
57646,250419,"Moriyama, Miku",Supporting,1.0
57646,252996,Motake,Supporting,0.0
57646,241766,"Ooyama, Shinji",Supporting,0.0
57646,250420,"Tanabe, Hikari",Supporting,1.0
57646,255753,Titania,Supporting,0.0
55749,192632,"Hououji, Akane",Main,374.0
55749,193207,"Kasukabe, Hayato",Main,33.0
55749,192630,"Makuzawa, Ouka",Main,146.0
55749,192631,"Ono, Shiragiku",Main,75.0
55749,192633,"Tsukishima, Riho",Main,136.0
55749,192634,"Tsuruga, Ami",Main,61.0
55749,233689,"Azuma, Valentina",Supporting,2.0
55749,233685,"Chiyoda, Ririka",Supporting,3.0
55749,231293,Confectionery Seller,Supporting,10.0
55749,255697,Fishmonger,Supporting,0.0
55749,252579,"Fuwa, Shigehisa",Supporting,0.0
55749,254638,"Hououji, Youko",Supporting,0.0
55749,225834,"Kasukabe, Sachiko",Supporting,5.0
55749,230938,"Makuzawa, Kikka",Supporting,6.0
55749,233687,"Souya, Moemi",Supporting,1.0
55749,233686,"Takasaki, Mao",Supporting,3.0
55749,255097,"Tsukishima, Ruri",Supporting,0.0
55749,255098,"Tsukishima, Kazuyuki",Supporting,0.0
55749,253602,"Tsuruga, Katsuyo",Supporting,0.0
55749,252580,"Yaeyama, Harue",Supporting,0.0
55749,253603,"Yasuda, Eri",Supporting,0.0
55749,233688,"Yoshino, Hekiru",Supporting,1.0
56449,213386,"Rossetti, Dahliya",Main,11.0
56449,214504,"Scalfarotto, Volfred",Main,2.0
56449,255750,"Astorga, Nikola",Supporting,0.0
56449,245393,"Badoer, Ivano",Supporting,0.0
56449,253393,"Bartolone, Grat",Supporting,0.0
56449,254332,"Barty, Drino",Supporting,0.0
56449,255751,"Caffi, Gismondo",Supporting,0.0
56449,245392,"Fano, Lucia",Supporting,0.0
56449,255173,"Gandolfi, Fermo",Supporting,0.0
56449,254331,"Gastoni, Althea",Supporting,0.0
56449,254336,"Gione, Alfio",Supporting,0.0
56449,254335,"Goodwin, Randolph",Supporting,0.0
56449,253392,"Greave, Mezzana",Supporting,0.0
56449,245395,"Jedda, Gabriella",Supporting,0.0
56449,252980,"Kämpfer, Dominic",Supporting,0.0
56449,254334,"Lanza, Griselda",Supporting,0.0
56449,254748,"Luini, Fortunato",Supporting,0.0
56449,254333,"Morphe, Dino",Supporting,0.0
56449,245389,"Nuvolari, Irma",Supporting,0.0
56449,245391,"Nuvolari, Marcella",Supporting,0.0
56449,254049,"Orlando, Ireneo",Supporting,0.0
56449,252287,"Orlando, Theodoro",Supporting,0.0
56449,218497,"Orlando, Tobias",Supporting,0.0
56449,250613,"Rossetti, Carlo",Supporting,0.0
56449,254747,"Scalfarotto, Guido",Supporting,0.0
56449,255172,"Scalfarotto, Vanessa",Supporting,0.0
56449,254749,"Scarlatti, Augusto",Supporting,0.0
56449,252288,Sophia,Supporting,0.0
56449,254750,"Tasso, Jean",Supporting,0.0
56449,218498,"Tullini, Emilia",Supporting,0.0
56449,218500,"Zora, Ozwald",Supporting,0.0
54284,212492,"Kokorone, Awayuki",Main,38.0
54284,248860,"Asagiri, Hareru",Supporting,1.0
54284,244256,"Hirune, Nekoma",Supporting,0.0
54284,212489,"Irodori, Mashiro",Supporting,11.0
54284,244255,"Kaminari, Shion",Supporting,6.0
54284,235889,"Mitsuriya, Hikari",Supporting,1.0
54284,250223,"Sonokaze, Eirai",Supporting,1.0
54284,250222,"Souma, Alice",Supporting,0.0
54284,256850,Suzuki,Supporting,0.0
54284,212488,"Utsuki, Sei",Supporting,2.0
54284,250224,"Yamatani, Kaeru",Supporting,5.0
54284,235888,"Yanagase, Chami",Supporting,2.0
55996,231002,"Jinguuji, Naori",Main,29.0
55996,231001,"Jinguuji, Rumi",Main,37.0
55996,231000,"Shirosaki, Jun",Main,2.0
55996,254559,"Amamiya, Shiho",Supporting,0.0
55996,251327,"Amamiya, Shiena",Supporting,3.0
55996,244084,"Asano, Reira",Supporting,1.0
55996,255676,"Furuma, Reito",Supporting,0.0
55996,252484,"Furuse, Chinatsu",Supporting,0.0
55996,244085,"Kamedake, Riris",Supporting,1.0
55996,244083,"Moriwaki, Toyoshige",Supporting,1.0
55996,255432,"Sakaguchi, Mizuma",Supporting,0.0
55996,253222,"Sakurada, Kanako",Supporting,0.0
55996,254558,"Sugino, Mai",Supporting,0.0
55996,255433,Yoda,Supporting,0.0
56196,117911,"Bakugou, Katsuki",Main,22945.0
56196,117909,"Midoriya, Izuku",Main,25505.0
56196,117921,All Might,Supporting,9676.0
56196,125318,"Ashido, Mina",Supporting,858.0
56196,152404,"Asui, Satsuki",Supporting,0.0
56196,119209,"Asui, Tsuyu",Supporting,4673.0
56196,152402,"Asui, Beru",Supporting,0.0
56196,152403,"Asui, Samidare",Supporting,0.0
56196,152401,"Asui, Ganma",Supporting,1.0
56196,249753,Dark Might,Supporting,0.0
56196,249754,"Gandini, Giulio",Supporting,5.0
56196,252508,"Gorini, Simon",Supporting,0.0
56196,252505,"Gorini, Gilles",Supporting,0.0
56196,252507,"Gorini, Paul",Supporting,0.0
56196,252503,"Gorini, Camille",Supporting,0.0
56196,252509,"Gorini, Bruno",Supporting,0.0
56196,252506,"Gorini, Deborah",Supporting,0.0
56196,252504,"Gorini, Hugo",Supporting,0.0
56196,133730,"Hagakure, Tooru",Supporting,146.0
56196,149897,"Hakamada, Tsunagu",Supporting,42.0
56196,117913,"Iida, Tenya",Supporting,1274.0
56196,121737,"Ishiyama, Ken",Supporting,27.0
56196,138638,"Jirou, Kyouka",Supporting,1606.0
56196,178882,"Kamiji, Moe",Supporting,16.0
56196,118657,"Kaminari, Denki",Supporting,2743.0
56196,118487,"Kirishima, Eijirou",Supporting,6091.0
56196,138886,"Kouda, Kouji",Supporting,40.0
56196,119521,"Mineta, Minoru",Supporting,504.0
56196,139043,"Nishiya, Shinji",Supporting,10.0
56196,138883,"Ojiro, Mashirao",Supporting,45.0
56196,138885,"Satou, Rikidou",Supporting,3.0
56196,249756,"Scervino, Anna",Supporting,0.0
56196,138884,"Sero, Hanta",Supporting,212.0
56196,195114,"Shigaraki, Yoichi",Supporting,7.0
56196,138636,"Shouji, Mezou",Supporting,79.0
56196,162597,"Takami, Keigo",Supporting,3264.0
56196,139042,"Takeyama, Yuu",Supporting,125.0
56196,149922,"Tatsuma, Ryuuko",Supporting,18.0
56196,141624,"Todoroki, Enji",Supporting,1144.0
56196,118489,"Todoroki, Shouto",Supporting,25485.0
56196,129826,"Tokoyami, Fumikage",Supporting,2274.0
56196,149296,"Toogata, Mirio",Supporting,3822.0
56196,117917,"Uraraka, Ochako",Supporting,5597.0
56196,162596,"Usagiyama, Rumi",Supporting,1312.0
56196,119321,"Yaoyorozu, Momo",Supporting,1547.0
53626,235887,"Lablac, Belle",Main,10.0
53626,253387,Bellein,Supporting,0.0
53626,245046,Benedictine,Supporting,0.0
53626,253655,Campari,Supporting,0.0
53626,253657,Cassis,Supporting,0.0
53626,253386,Cloud,Supporting,0.0
53626,254008,"Collins, Tom",Supporting,0.0
53626,254271,"Collins, Sandy",Supporting,0.0
53626,254274,Coral,Supporting,0.0
53626,249263,Drambuie,Supporting,0.0
53626,254275,Froze,Supporting,0.0
53626,253384,Ginbuck,Supporting,0.0
53626,253654,Gordon,Supporting,0.0
53626,245045,Guinness,Supporting,2.0
53626,252929,Haggis,Supporting,0.0
53626,249264,King Rawhide,Supporting,0.0
53626,253383,Kir-Loire,Supporting,0.0
53626,245042,Kitty the All,Supporting,2.0
53626,245041,"Lablac, Sian",Supporting,0.0
53626,253385,Mist,Supporting,0.0
53626,253656,Perry,Supporting,0.0
53626,245040,"Question, Adonis",Supporting,6.0
53626,245043,"Shandy, Gaff",Supporting,2.0
53626,245044,Shelly,Supporting,0.0
53626,254273,Snow,Supporting,0.0
53626,254009,Tiziano,Supporting,0.0
53626,254272,Toddy,Supporting,0.0
58272,237644,"Kosugi, Takuma",Main,2.0
58272,213891,Mina,Main,41.0
58272,254765,Aikawa,Supporting,0.0
58272,254326,Demeter VI,Supporting,0.0
58272,253692,"Iida, Arisa",Supporting,0.0
58272,255773,John,Supporting,0.0
58272,252669,"Kosugi, Emi",Supporting,1.0
58272,248122,"Kosugi, Akari",Supporting,1.0
58272,252668,"Kosugi, Daisuke",Supporting,0.0
58272,250076,Mamoru,Supporting,15.0
58272,255452,"Minegishi, Koushirou",Supporting,0.0
58272,254598,"Ootani, Tomikazu",Supporting,0.0
58272,250075,"Saionji, Rihito",Supporting,0.0
58272,253693,Senju,Supporting,0.0
58272,248123,Super Mina,Supporting,0.0
57947,244535,Live,Main,25.0
57947,244397,"Sonoue, Masaki",Main,39.0
57947,253460,Aya,Supporting,0.0
57947,254654,"Cappuccino, Saramin",Supporting,0.0
57947,254658,Chin Anago,Supporting,0.0
57947,244640,Fuu,Supporting,12.0
57947,254660,Haikanzenronpa,Supporting,0.0
57947,244587,Ichiko,Supporting,8.0
57947,254269,Igito,Supporting,0.0
57947,254656,Juwachan,Supporting,0.0
57947,249900,Kikka,Supporting,0.0
57947,256223,Lonely Ooedo Girl,Supporting,0.0
57947,254657,Minister of Daifuku,Supporting,0.0
57947,254128,Mother,Supporting,0.0
57947,254652,Mr. Tsuma,Supporting,0.0
57947,249901,Otomi,Supporting,0.0
57947,254655,Shura,Supporting,0.0
57947,255115,"Sonoue, Sakura",Supporting,1.0
57947,254270,Tanburaa,Supporting,0.0
57947,254653,"Taroumaru, F",Supporting,0.0
57947,254659,Tennabe no Ken,Supporting,0.0
57947,244677,Tokage,Supporting,6.0
57947,244743,Yuki,Supporting,15.0
55844,245176,"Ichikawa, Giichi",Main,14.0
55844,245177,"Inaba, Rei",Main,12.0
55844,245178,"Kikuchihara, Jin",Main,5.0
55844,231890,"Ootomo, Hisashi",Main,18.0
55844,231889,"Tsuchiya, Mao",Main,4.0
55844,245179,"Yoshino, Shion",Main,6.0
55844,249652,"Chiaki, Minoru",Supporting,0.0
55844,249651,"Honjou, Yukitaka",Supporting,0.0
55844,249650,"Kagari, Teru",Supporting,1.0
55844,249649,"Kagari, Runa",Supporting,1.0
55844,249655,"Kujou, Kirito",Supporting,4.0
55844,249654,Rudy,Supporting,0.0
55844,256705,Tobe,Supporting,0.0
55844,249653,"Tsuchiya, Isao",Supporting,1.0
56179,234495,"Classico, Dino",Main,12.0
56179,234492,"Delico, Dali",Main,7.0
56179,234493,"Fra, Gerhard",Main,7.0
56179,234494,"Lorca, Henrique",Main,7.0
56179,253529,Abraham,Supporting,0.0
56179,255222,Albrecht,Supporting,0.0
56179,253976,Clara,Supporting,0.0
56179,245493,"Classico, Theodore",Supporting,0.0
56179,252592,"Delico, Frieda",Supporting,0.0
56179,245498,"Delico, Raphael",Supporting,1.0
56179,245497,"Delico, Ul",Supporting,0.0
56179,253978,Ferdinand,Supporting,0.0
56179,245496,"Fra, Angelico",Supporting,1.0
56179,253527,Julas,Supporting,0.0
56179,253528,Katarina,Supporting,1.0
56179,253533,Keith,Supporting,0.0
56179,253530,Kiki,Supporting,1.0
56179,252593,Klaus,Supporting,0.0
56179,256396,"Lent, Umberto",Supporting,0.0
56179,256038,"Lorca, Kate",Supporting,0.0
56179,245495,"Lorca, Lucia",Supporting,1.0
56179,245494,"Lorca, Elena",Supporting,1.0
56179,256395,Maurice,Supporting,0.0
56179,256397,"McMillan, Rayne",Supporting,0.0
56179,253977,"Vlad, Johannes",Supporting,0.0
54835,235765,Akira,Main,3.0
54835,235764,Amano,Main,2.0
54835,218819,Haga,Main,1.0
54835,226971,Nikola,Main,5.0
54835,255313,Akane,Supporting,0.0
54835,255315,Alba,Supporting,0.0
54835,255951,Duca,Supporting,0.0
54835,255036,Godel,Supporting,0.0
54835,254746,Head Guard,Supporting,0.0
54835,254283,Imai,Supporting,0.0
54835,246373,Jin,Supporting,0.0
54835,248310,Kana,Supporting,0.0
54835,254282,Kawashima,Supporting,0.0
54835,254745,King Bayle,Supporting,0.0
54835,255950,"Kinoshita, Mayu",Supporting,2.0
54835,253662,Kizaki,Supporting,0.0
54835,248307,Kuro-chan,Supporting,0.0
54835,254280,Masabuchi,Supporting,0.0
54835,255159,Morabi Injured Resident,Supporting,0.0
54835,248306,Namiko,Supporting,0.0
54835,248308,President,Supporting,0.0
54835,255316,Ren,Supporting,0.0
54835,253158,Ruu,Supporting,1.0
54835,246372,Sakai,Supporting,0.0
54835,248309,Sumida,Supporting,0.0
54835,248305,Suzuki,Supporting,0.0
54835,253159,Tesla,Supporting,0.0
54835,254281,Tsukahara,Supporting,0.0
54835,255314,Yamanaka,Supporting,0.0
57845,152756,Erufuda,Main,47.0
57845,204102,"Naoe, Tomoatsu",Main,1.0
57845,177166,Gonda,Supporting,7.0
57845,177167,Hitome,Supporting,2.0
57845,177168,Honeda,Supporting,2.0
57845,177164,"Ino, Akiho",Supporting,0.0
57845,250180,Kobo,Supporting,0.0
57845,173663,Kuroeda,Supporting,26.0
57845,177158,Kusahanada,Supporting,3.0
57845,177157,Mero,Supporting,4.0
57845,174905,Oga,Supporting,26.0
57845,177162,Oku,Supporting,1.0
57845,177172,Ooeda,Supporting,2.0
57845,188655,Raika,Supporting,5.0
57845,177169,Satero,Supporting,7.0
56348,237643,Belle,Main,6.0
56348,242872,Clay,Main,5.0
56348,255430,Algred,Supporting,0.0
56348,252979,Ante,Supporting,0.0
56348,256088,Atoto,Supporting,0.0
56348,253379,Bandeg,Supporting,0.0
56348,252254,Beccomo,Supporting,0.0
56348,255748,Binky,Supporting,0.0
56348,253380,Bondog,Supporting,0.0
56348,250400,Brance,Supporting,0.0
56348,256087,Buggs,Supporting,0.0
56348,250398,Fen,Supporting,0.0
56348,248654,Fuurin,Supporting,0.0
56348,252978,Gaiam,Supporting,0.0
56348,252977,Harmein,Supporting,0.0
56348,255428,Heim,Supporting,0.0
56348,254744,Helldande,Supporting,0.0
56348,256086,Hilkemast,Supporting,0.0
56348,255427,"Jasreid, Lugrant Haim",Supporting,0.0
56348,255431,Kiska,Supporting,0.0
56348,252976,Kraitze,Supporting,2.0
56348,255429,Lestence,Supporting,0.0
56348,256089,Millielent,Supporting,0.0
56348,248651,Rangard,Supporting,0.0
56348,250399,Ratta,Supporting,0.0
56348,248653,Renfringe,Supporting,0.0
56348,248652,Sendai,Supporting,1.0
56348,253378,Shieldmurg,Supporting,0.0
56348,254743,Teruru,Supporting,0.0
56348,256090,Thief Guild Receptionist,Supporting,0.0
57099,241641,"Aveiro, Anna",Main,109.0
57099,241644,"Kaionji, Megumi",Main,4.0
57099,241639,"Misora, Kanata",Main,5.0
57099,241640,"Obunai, Suzuha",Main,3.0
57099,241642,"Ootani, Nodoka",Main,4.0
57099,241643,"Tanizaki, Shion",Main,1.0
57099,254119,"Aieda, Mari",Supporting,0.0
57099,255497,"Aveiro, Maria",Supporting,0.0
57099,255498,"Aveiro, Paulo",Supporting,0.0
57099,254163,"Banka, Lala",Supporting,0.0
57099,250467,"Izawano, Ichigo",Supporting,0.0
57099,250468,"Kanzaki, Hiiragi",Supporting,0.0
57099,250469,"Kushida, Miyabi",Supporting,0.0
57099,253458,Mia,Supporting,0.0
57099,253742,Mike,Supporting,0.0
57099,254827,"Misora, Kokoro",Supporting,0.0
57099,250470,"Nabatame, Hana",Supporting,1.0
57099,253454,"Nakamura, Kyouko",Supporting,0.0
57099,253455,"Ootani, Tsuyako",Supporting,0.0
57099,253456,"Ootani, Rinka",Supporting,0.0
57099,253743,"Satou, Chihane",Supporting,0.0
57099,253457,YJ,Supporting,0.0
52107,2865,Kusuriuri,Main,5205.0
52107,245358,Asa,Supporting,0.0
52107,248063,Awashima,Supporting,0.0
52107,245359,Kame,Supporting,1.0
52107,248062,Kitagawa,Supporting,0.0
52107,248071,"Mizorogi, Hokuto",Supporting,0.0
52107,248064,Mugitani,Supporting,0.0
52107,248068,"Ootomo, Botan",Supporting,0.0
52107,248066,"Saga, Heiki",Supporting,0.0
52107,248067,Sakashita,Supporting,0.0
52107,248070,Tenshi,Supporting,0.0
52107,248065,"Tokita, Saburoumaru",Supporting,0.0
52107,248069,"Tokita, Fuki",Supporting,0.0
52107,245357,Utayama,Supporting,0.0
57567,182261,"Momijiyama, Teru",Main,100.0
57567,182259,"Andreianov, Pepesha",Supporting,46.0
57567,182313,"Asuka, Tojiko",Supporting,0.0
57567,239037,"Baragaki, Doki",Supporting,1.0
57567,182263,"Dunant, Pilse",Supporting,18.0
57567,231714,Ebio,Supporting,1.0
57567,239036,"Hallelujah, Inori",Supporting,1.0
57567,252377,"Hanawa, Beni",Supporting,0.0
57567,256853,Iko's Mother,Supporting,0.0
57567,252379,Inuyama,Supporting,0.0
57567,244942,"Karakururi, Utsuro",Supporting,2.0
57567,182312,"Kekerakera, Kufufu",Supporting,18.0
57567,235546,"Koishikawa, Daigo",Supporting,0.0
57567,182262,"Koishikawa, Iko",Supporting,10.0
57567,182311,"Kooriskaya, Tzveta",Supporting,2.0
57567,182304,"Ming Ming, Li",Supporting,3.0
57567,255250,Muku,Supporting,0.0
57567,251915,Natsukawa,Supporting,0.0
57567,252378,Nekogawa,Supporting,0.0
57567,250531,Quabara,Supporting,0.0
57567,256856,Revoron,Supporting,0.0
57567,256857,Revozeale,Supporting,0.0
57567,182258,"Rockwell, Adam",Supporting,0.0
57567,182302,Stigma,Supporting,3.0
57567,182314,"Tennouji, Ai",Supporting,2.0
57567,182315,Tokimaru,Supporting,0.0
57567,182301,Uni-Lord,Supporting,0.0
57567,182260,"Wonder Jones, David",Supporting,1.0
53747,245181,"Higurashi, Totsuko",Main,1.0
53747,245183,"Kagehira, Rui",Main,0.0
53747,245182,"Sakunaga, Kimi",Main,0.0
53747,248728,"Momochi, Saku",Supporting,0.0
53747,248729,"Nanakubo, Shiho",Supporting,0.0
53747,248731,"Sakunaga, Shino",Supporting,0.0
53747,245180,Sister Hiyoshiko,Supporting,0.0
53747,248730,"Yatsushika, Sumika",Supporting,0.0
57945,187928,"Narita, Saneatsu",Main,0.0
57945,250878,"Ebina, Hikari",Supporting,0.0
57945,241773,"Fujishiro, Saaya",Supporting,0.0
57945,256581,"Fukami, Youhei",Supporting,0.0
57945,256578,"Garai, Ikusa",Supporting,0.0
57945,249592,"Gokokuhoutenji, Bourinmaru",Supporting,1.0
57945,256582,"Hirayama, Yoshiaki",Supporting,0.0
57945,241774,"Ichinose, Ryuuta",Supporting,0.0
57945,187932,"Iruga, Ren",Supporting,1.0
57945,187931,"Jin, Omi",Supporting,0.0
57945,250882,"Kasai, Kai",Supporting,0.0
57945,256580,"Katou, Naito",Supporting,0.0
57945,250880,"Kirishima, Kou",Supporting,0.0
57945,250884,"Kisaragi, Maria",Supporting,0.0
57945,241780,Koutei,Supporting,2.0
57945,241781,"Kunashiri, Eren",Supporting,0.0
57945,256256,"Meguru, Tsukioka",Supporting,0.0
57945,241779,"Midou, Hisoka",Supporting,0.0
57945,256579,"Mutsuki, Touya",Supporting,0.0
57945,250877,"Nihonyanagi, Shuuji",Supporting,0.0
57945,187923,"Ouno, Raion",Supporting,0.0
57945,187927,"Satou, Kazuhiko",Supporting,0.0
57945,250883,Seraphiel,Supporting,0.0
57945,241778,"Shinozaki, Soutarou",Supporting,0.0
57945,249594,"Souma, Hayato",Supporting,0.0
57945,187929,"Sudou, Ryouhei",Supporting,0.0
57945,249593,"Suzuki, Rika",Supporting,0.0
57945,187930,"Yagihashi, Toujuurou",Supporting,0.0
56704,157688,"Kiryuu, Setsuna",Main,46.0
56704,132742,"Tokita, Ouma",Main,886.0
56704,145699,"Yamashita, Kazuo",Main,124.0
56704,157717,"Akiyama, Kaede",Supporting,9.0
56704,256870,"Ao, Kenji",Supporting,0.0
56704,169580,"Gensai, Kuroki",Supporting,68.0
56704,168316,"Gizenga, Muteba",Supporting,24.0
56704,157760,"Hanafusa, Hajime",Supporting,52.0
56704,187566,"Hatsumi, Sen",Supporting,21.0
56704,182820,"Himuro, Ryou",Supporting,0.0
56704,157759,"Imai, Cosmo",Supporting,159.0
56704,187569,"Inaba, Ryo",Supporting,4.0
56704,182819,"Kaneda, Suekichi",Supporting,10.0
56704,176143,"Kanou, Agito",Supporting,68.0
56704,187586,"Katahara, Sayaka",Supporting,26.0
56704,159539,"Katahara, Metsudou",Supporting,2.0
56704,187575,"Kouno, Haruo",Supporting,1.0
56704,157758,"Kurayoshi, Rino",Supporting,1.0
56704,147895,"Kure, Karla",Supporting,166.0
56704,187558,"Kure, Erioh",Supporting,1.0
56704,187515,"Kure, Raian",Supporting,82.0
56704,159540,"Matsuda, Tomoko",Supporting,2.0
56704,187581,"Mikazuchi, Rei",Supporting,4.0
56704,165729,"Nakata, Ichirou",Supporting,13.0
56704,172727,Narrator,Supporting,2.0
56704,157715,"Nogi, Hideki",Supporting,1.0
56704,187584,"Okubo, Naoya",Supporting,13.0
56704,213588,"Ooya, Ken",Supporting,0.0
56704,157703,"Robinson, Mokichi",Supporting,3.0
56704,157763,"Robinson, Elena",Supporting,1.0
56704,157761,"Sawada, Keizaburou",Supporting,3.0
56704,157762,"Sekibayashi, Jun",Supporting,95.0
56704,159541,"Souryuuin, Shion",Supporting,1.0
56704,157686,"Takeshi, Wakatsuki",Supporting,15.0
56704,190358,"Togo, Tomari",Supporting,1.0
56704,188908,"Tokita, Niko",Supporting,13.0
56704,226885,"Tokita, Niko",Supporting,1.0
56704,187571,"Tyson, Jerry",Supporting,7.0
56704,167603,"Wongsawat, Gaolang",Supporting,216.0
56704,256334,"Yamamoto, Koishi",Supporting,0.0
56704,187587,"Yamashita, Ichinosin",Supporting,0.0
56704,166101,"Yoroizuka, Saw Paing",Supporting,27.0
56704,209958,"Yoshitake, Yoshirou",Supporting,0.0
58488,27282,"Hyoudou, Shinsuke",Main,101.0
58488,97615,Senya,Main,47.0
58488,119419,Tsukiko,Main,5.0
58488,140917,"Ashikaga, Yoshiteru",Supporting,8.0
58488,140074,Douren,Supporting,12.0
58488,141559,Hanatora,Supporting,0.0
58488,140916,Jinun,Supporting,0.0
58488,125101,Kuzunoha,Supporting,0.0
58488,125100,Mountain God,Supporting,3.0
58488,125099,Mudo,Supporting,1.0
58488,119425,Nau,Supporting,2.0
58488,119421,"Raidou, Zanzou",Supporting,0.0
58488,125102,Rinzu,Supporting,0.0
58488,35554,Shakuyaku,Supporting,11.0
58488,27221,"Yamato, Jinka",Supporting,10.0
58488,125098,Yazen,Supporting,0.0
58488,27283,"Youko, Tama",Supporting,17.0
58357,244732,Sakuna-hime,Main,6.0
58357,244741,Ashigumo,Supporting,0.0
58357,244742,Ishimaru,Supporting,0.0
58357,244739,Kaimaru,Supporting,0.0
58357,244740,Kamuhitsuki,Supporting,2.0
58357,244737,Kinta,Supporting,0.0
58357,244734,Kokorowa-hime,Supporting,2.0
58357,244736,Myrthe,Supporting,1.0
58357,244733,Tama-jii,Supporting,1.0
58357,244735,Tauemon,Supporting,0.0
58357,244738,Yui,Supporting,0.0
59493,202004,"Valentine, Luminous",Main,311.0
59493,131944,Benimaru,Supporting,1132.0
59493,168313,Clayman,Supporting,6.0
59493,139011,"Cromwell, Leon",Supporting,6.0
59493,162770,Daikenja,Supporting,76.0
59493,131941,Diablo,Supporting,2734.0
59493,246231,"Falmuth, Edmaris",Supporting,0.0
59493,215530,Footman,Supporting,0.0
59493,200352,Frey,Supporting,13.0
59493,165896,Gabiru,Supporting,111.0
59493,131935,Geld,Supporting,154.0
59493,164900,Gobta,Supporting,503.0
59493,131939,Hakurou,Supporting,84.0
59493,165853,Haruna,Supporting,6.0
59493,131934,"Izawa, Shizue",Supporting,790.0
59493,243474,"Jester, Renard",Supporting,1.0
59493,199170,Kagali,Supporting,0.0
59493,168677,"Kagurazaka, Yuuki",Supporting,12.0
59493,164902,Kaijin,Supporting,3.0
59493,163251,Kurobee,Supporting,1.0
59493,167277,Laplace,Supporting,22.0
59493,131936,"Nava, Milim",Supporting,2896.0
59493,131940,Ranga,Supporting,665.0
59493,246235,Reyheim,Supporting,0.0
59493,164901,Rigur,Supporting,2.0
59493,164899,Rigurd,Supporting,25.0
59493,243475,Ritus,Supporting,0.0
59493,243478,Saare,Supporting,1.0
59493,179800,"Sakaguchi, Hinata",Supporting,80.0
59493,131937,Shion,Supporting,1458.0
59493,131943,Shuna,Supporting,1537.0
59493,131942,Souei,Supporting,582.0
59493,196212,Souka,Supporting,7.0
59493,248311,"Spertus, Nikolaus",Supporting,1.0
59493,186859,Tear,Supporting,11.0
59493,131549,"Tempest, Rimuru",Supporting,23351.0
59493,131932,"Tempest, Veldora",Supporting,1408.0
59493,249359,"Valentin, Louis",Supporting,0.0
59493,209576,"Valentin, Roy",Supporting,0.0
59493,165298,Vesta,Supporting,3.0
59493,202004,"Valentine, Luminous",Main,311.0
59493,131944,Benimaru,Supporting,1132.0
59493,168313,Clayman,Supporting,6.0
59493,139011,"Cromwell, Leon",Supporting,6.0
59493,162770,Daikenja,Supporting,76.0
59493,131941,Diablo,Supporting,2734.0
59493,246231,"Falmuth, Edmaris",Supporting,0.0
59493,215530,Footman,Supporting,0.0
59493,200352,Frey,Supporting,13.0
59493,165896,Gabiru,Supporting,111.0
59493,131935,Geld,Supporting,154.0
59493,164900,Gobta,Supporting,503.0
59493,131939,Hakurou,Supporting,84.0
59493,165853,Haruna,Supporting,6.0
59493,131934,"Izawa, Shizue",Supporting,790.0
59493,243474,"Jester, Renard",Supporting,1.0
59493,199170,Kagali,Supporting,0.0
59493,168677,"Kagurazaka, Yuuki",Supporting,12.0
59493,164902,Kaijin,Supporting,3.0
59493,163251,Kurobee,Supporting,1.0
59493,167277,Laplace,Supporting,22.0
59493,131936,"Nava, Milim",Supporting,2896.0
59493,131940,Ranga,Supporting,665.0
59493,246235,Reyheim,Supporting,0.0
59493,164901,Rigur,Supporting,2.0
59493,164899,Rigurd,Supporting,25.0
59493,243475,Ritus,Supporting,0.0
59493,243478,Saare,Supporting,1.0
59493,179800,"Sakaguchi, Hinata",Supporting,80.0
59493,131937,Shion,Supporting,1458.0
59493,131943,Shuna,Supporting,1537.0
59493,131942,Souei,Supporting,582.0
59493,196212,Souka,Supporting,7.0
59493,248311,"Spertus, Nikolaus",Supporting,1.0
59493,186859,Tear,Supporting,11.0
59493,131549,"Tempest, Rimuru",Supporting,23351.0
59493,131932,"Tempest, Veldora",Supporting,1408.0
59493,249359,"Valentin, Louis",Supporting,0.0
59493,209576,"Valentin, Roy",Supporting,0.0
59493,165298,Vesta,Supporting,3.0
57192,188576,"Han, Seojun",Main,99.0
57192,188577,"Lee, Suho",Main,63.0
57192,188053,"Lim, Jugyeong",Main,20.0
57192,255054,"Chaerin, Ahn",Supporting,0.0
57192,255715,"Han, Gowoon",Supporting,0.0
57192,256402,Hyunwoo,Supporting,0.0
57192,256046,"Kang, Sujin",Supporting,0.0
57192,196522,"Lee, Selena",Supporting,2.0
57192,196115,"Lim, Juyoung",Supporting,0.0
57192,256403,"Seyeon, Yoon",Supporting,0.0
57192,255055,"Sua, Kang",Supporting,0.0
57192,256748,Suho's Father,Supporting,0.0
57192,255056,Teacher,Supporting,0.0
59390,254356,Eiko,Main,0.0
59390,254354,"Lee, Malcolm",Main,0.0
59390,195313,Terminator,Main,1.0
59390,256051,Fujino,Supporting,0.0
59390,254355,Kokoro,Supporting,0.0
59390,254359,"Lee, Reika",Supporting,1.0
59390,254357,"Lee, Kenta",Supporting,0.0
59390,254358,"Lee, Hiro",Supporting,0.0
59390,254360,Misaki,Supporting,4.0
59390,255212,Natsuko,Supporting,0.0
59390,256050,Shiraki,Supporting,0.0
59390,254356,Eiko,Main,0.0
59390,254354,"Lee, Malcolm",Main,0.0
59390,195313,Terminator,Main,1.0
59390,256051,Fujino,Supporting,0.0
59390,254355,Kokoro,Supporting,0.0
59390,254359,"Lee, Reika",Supporting,1.0
59390,254357,"Lee, Kenta",Supporting,0.0
59390,254358,"Lee, Hiro",Supporting,0.0
59390,254360,Misaki,Supporting,4.0
59390,255212,Natsuko,Supporting,0.0
59390,256050,Shiraki,Supporting,0.0
57325,238963,Bunzou,Main,3.0
57325,245484,Hana,Main,5.0
57325,245485,Krishna,Main,7.0
57325,245483,Sabu,Main,9.0
57325,245482,Sasaki,Main,3.0
57325,245486,"Yashiro, Tamako",Main,3.0
57325,253974,Aoki,Supporting,0.0
57325,253972,Arisugawa,Supporting,0.0
57325,253992,Bar Rat's Mama,Supporting,0.0
57325,254208,Fujimi,Supporting,0.0
57325,256016,Fujiwara,Supporting,0.0
57325,253608,"Goshogawara, Rin",Supporting,0.0
57325,253973,Inoda,Supporting,0.0
57325,254211,Ishida,Supporting,0.0
57325,256037,Kawara,Supporting,0.0
57325,253606,Makurazaki,Supporting,0.0
57325,253607,Mamiya,Supporting,0.0
57325,253280,Mayu,Supporting,0.0
57325,253281,Misuzu,Supporting,0.0
57325,252879,"Romario, Pietro",Supporting,0.0
57325,253604,Sakura,Supporting,0.0
57325,255696,"Sasaki, Eriko",Supporting,0.0
57325,254209,"Shintani, Mitsurou",Supporting,0.0
57325,254210,"Shirafuji, Yuki",Supporting,0.0
57325,252877,Shirosaki,Supporting,0.0
57325,254207,"Tajima, Teru",Supporting,0.0
57325,253605,Taki,Supporting,0.0
57325,252548,"Terada, Mikio",Supporting,0.0
57325,253609,Watai,Supporting,0.0
57325,256036,Yano,Supporting,0.0
57325,255388,Yoko,Supporting,0.0
58222,137915,"Kaji, Akihiko",Main,1051.0
58222,173356,"Kashima, Hiiragi",Main,164.0
58222,138197,"Nakayama, Haruki",Main,1595.0
58222,137914,"Satou, Mafuyu",Main,4599.0
58222,138312,"Uenoyama, Ritsuka",Main,2515.0
58222,173358,"Yagi, Shizusumi",Main,72.0
58222,171276,"Murata, Ugetsu",Supporting,728.0
52080,243118,Murai,Main,2.0
52080,243119,"Tanaka, Ayano",Main,0.0
52080,253929,"Fukunaga, Yayoi",Supporting,0.0
52080,248050,Hirai,Supporting,0.0
52080,243120,Hitotose,Supporting,0.0
52080,248049,Kiriyama,Supporting,6.0
52080,248052,Narrator,Supporting,0.0
52080,253927,"Nishifuji, Yuka",Supporting,0.0
52080,253928,"Nishifuji, Hitomi",Supporting,0.0
52080,257193,Oosumi,Supporting,0.0
52080,257212,"Tanaka, Mao",Supporting,0.0
52080,248051,Yamakado,Supporting,0.0
58985,249904,"Carol, Lilia",Main,1.0
58985,225792,"von Luxel, Elrich",Main,0.0
56189,42644,"Fleed, Grace Maria",Main,6.0
56189,7368,"Fleed, Duke",Main,74.0
56189,160117,Gandal,Main,0.0
56189,7372,"Kabuto, Kouji",Main,186.0
56189,82315,"Makiba, Hikaru",Main,2.0
56189,20201,"Yumi, Sayaka",Main,12.0
56189,213803,Aoi,Supporting,0.0
56189,151868,"Baron, Naida",Supporting,2.0
56189,160116,Blacky,Supporting,1.0
56189,213802,"Hayashi, Akira",Supporting,0.0
56189,213832,Lady Gandal,Supporting,0.0
56189,247957,Ooi,Supporting,0.0
56189,247956,Saeki,Supporting,0.0
56189,213816,"Umon, Genzo",Supporting,0.0
56189,151827,"Vega, Rubina Beryl",Supporting,0.0
56189,213842,Vega,Supporting,0.0
56189,246109,"Vega, Teronna Aqua",Supporting,0.0
56189,213845,Yamada,Supporting,0.0
56189,21013,"Yumi, Gennosuke",Supporting,0.0
56189,238795,"Zeola Whiter, Cassado",Supporting,0.0
56189,108289,Zuril,Supporting,2.0
54730,25087,Alexandria Meat,Main,2.0
54730,3364,"Kinniku, Suguru",Main,91.0
54730,171575,Akuma Shougun,Supporting,3.0
54730,247945,Announcer,Supporting,0.0
54730,33757,Ashuraman,Supporting,4.0
54730,146060,Atlantis,Supporting,1.0
54730,7151,Benkiman,Supporting,4.0
54730,191815,Big the Budo,Supporting,0.0
54730,141475,Black Hole,Supporting,1.0
54730,25095,Brocken Jr.,Supporting,10.0
54730,187820,Brockenman,Supporting,0.0
54730,25071,Buffaloman,Supporting,10.0
54730,168134,Canadianman,Supporting,0.0
54730,192820,Crushman,Supporting,0.0
54730,191817,Curry Cook,Supporting,1.0
54730,192821,Dalmatiman,Supporting,0.0
54730,25098,Geronimo,Supporting,3.0
54730,141172,Iwao,Supporting,1.0
54730,192829,Jak Chi,Supporting,0.0
54730,141171,Kinkotsuman,Supporting,2.0
54730,141323,"Kinniku, Mayumi",Supporting,0.0
54730,25099,"Kinniku, Bibinba",Supporting,0.0
54730,170127,Kinnikuman Super Phoenix,Supporting,0.0
54730,192818,Knock,Supporting,0.0
54730,192825,Marlinman,Supporting,0.0
54730,192828,Marvellous,Supporting,0.0
54730,192819,Max Radial,Supporting,0.0
54730,146063,Mister Khamen,Supporting,0.0
54730,141325,"Muscle, Harabote",Supporting,0.0
54730,141436,"Nakano, Kimiko",Supporting,0.0
54730,141167,"Nakano, Kazuo",Supporting,0.0
54730,192826,Nemesis,Supporting,0.0
54730,33788,Neptuneman,Supporting,1.0
54730,192823,Peek-a-Boo,Supporting,0.0
54730,192827,Polarman,Supporting,0.0
54730,141404,Prince Kamehame,Supporting,1.0
54730,192830,Psychoman,Supporting,0.0
54730,8079,"Ramenman, Victory",Supporting,18.0
54730,41780,Robin Mask,Supporting,29.0
54730,170126,Specialman,Supporting,0.0
54730,146059,Springman,Supporting,1.0
54730,146064,SteCasse King,Supporting,1.0
54730,191819,Strong the Budo,Supporting,0.0
54730,25088,Sunshine,Supporting,2.0
54730,25096,Terryman,Supporting,14.0
54730,146061,The Mountain,Supporting,1.0
54730,192181,Tileman,Supporting,0.0
54730,192822,Turboman,Supporting,0.0
54730,29743,Warsman,Supporting,21.0
54730,25097,Wolfman,Supporting,0.0
59497,238764,"Koizumi, Yumiko",Main,1.0
59497,238760,"Nanaumi, Gawain",Main,17.0
59497,238762,"Nishino, Kiria",Main,2.0
59497,238761,"Norman, Lancelot",Main,9.0
59497,245501,"Arai, Daichi",Supporting,0.0
59497,253845,"Barlowe, Bridget",Supporting,0.0
59497,253588,"Bentley, Dorfa",Supporting,0.0
59497,253841,"Bickerton, Kate",Supporting,0.0
59497,238767,"Bonaire, Platalissa",Supporting,0.0
59497,253846,"Bonaire, Sfida",Supporting,0.0
59497,253871,"Carmine, Ice",Supporting,0.0
59497,253843,"Cooper, Bilford",Supporting,0.0
59497,245500,"Epor, Hershey",Supporting,0.0
59497,253908,"Gloom, Ryan",Supporting,0.0
59497,238769,"Hopkins, Riser",Supporting,0.0
59497,253839,"Houston, James",Supporting,0.0
59497,253844,"Jansen, Raydil",Supporting,0.0
59497,245502,"Kanazono, Hidemi",Supporting,0.0
59497,245499,"Kuromine, Mika",Supporting,0.0
59497,253907,"Lawrence, Percival",Supporting,1.0
59497,253961,"Li, Guangling",Supporting,0.0
59497,238768,"Li, Wanglian",Supporting,0.0
59497,245505,"Liones, Tristan",Supporting,3.0
59497,253840,"Livington, Charles",Supporting,0.0
59497,253573,"Nanaumi, Taizo",Supporting,0.0
59497,238763,"Nishino, Kurumi",Supporting,0.0
59497,253578,"Norman, Kajury",Supporting,0.0
59497,253960,Percival's Father,Supporting,0.0
59497,245504,"Phoenix, Quester",Supporting,0.0
59497,253909,"Phoenix, Arthur",Supporting,1.0
59497,238766,"Ringvald, Liebel",Supporting,0.0
59497,253959,"Rossi, Tim",Supporting,0.0
59497,245503,"Sayfort, Aria",Supporting,1.0
59497,238770,"Todoin, Kai",Supporting,1.0
59497,238764,"Koizumi, Yumiko",Main,1.0
59497,238760,"Nanaumi, Gawain",Main,17.0
59497,238762,"Nishino, Kiria",Main,2.0
59497,238761,"Norman, Lancelot",Main,9.0
59497,245501,"Arai, Daichi",Supporting,0.0
59497,253845,"Barlowe, Bridget",Supporting,0.0
59497,253588,"Bentley, Dorfa",Supporting,0.0
59497,253841,"Bickerton, Kate",Supporting,0.0
59497,238767,"Bonaire, Platalissa",Supporting,0.0
59497,253846,"Bonaire, Sfida",Supporting,0.0
59497,253871,"Carmine, Ice",Supporting,0.0
59497,253843,"Cooper, Bilford",Supporting,0.0
59497,245500,"Epor, Hershey",Supporting,0.0
59497,253908,"Gloom, Ryan",Supporting,0.0
59497,238769,"Hopkins, Riser",Supporting,0.0
59497,253839,"Houston, James",Supporting,0.0
59497,253844,"Jansen, Raydil",Supporting,0.0
59497,245502,"Kanazono, Hidemi",Supporting,0.0
59497,245499,"Kuromine, Mika",Supporting,0.0
59497,253907,"Lawrence, Percival",Supporting,1.0
59497,253961,"Li, Guangling",Supporting,0.0
59497,238768,"Li, Wanglian",Supporting,0.0
59497,245505,"Liones, Tristan",Supporting,3.0
59497,253840,"Livington, Charles",Supporting,0.0
59497,253573,"Nanaumi, Taizo",Supporting,0.0
59497,238763,"Nishino, Kurumi",Supporting,0.0
59497,253578,"Norman, Kajury",Supporting,0.0
59497,253960,Percival's Father,Supporting,0.0
59497,245504,"Phoenix, Quester",Supporting,0.0
59497,253909,"Phoenix, Arthur",Supporting,1.0
59497,238766,"Ringvald, Liebel",Supporting,0.0
59497,253959,"Rossi, Tim",Supporting,0.0
59497,245503,"Sayfort, Aria",Supporting,1.0
59497,238770,"Todoin, Kai",Supporting,1.0
55748,176605,"Asaka, Karin",Main,156.0
55748,174933,"Konoe, Kanata",Main,350.0
55748,186663,"Mifune, Shioriko",Main,154.0
55748,176606,"Miyashita, Ai",Main,179.0
55748,176603,"Nakasu, Kasumi",Main,348.0
55748,176604,"Ousaka, Shizuku",Main,222.0
55748,182095,"Takasaki, Yuu",Main,169.0
55748,199484,"Taylor, Mia",Main,62.0
55748,176610,"Tennouji, Rina",Main,735.0
55748,176602,"Uehara, Ayumu",Main,274.0
55748,176609,"Verde, Emma",Main,98.0
55748,176608,"Yuuki, Setsuna",Main,703.0
55748,202297,"Zhong, Lanzhu",Main,148.0
55748,254033,"Akamine, Ten",Supporting,0.0
55748,188307,"Hasekura, Kasane",Supporting,1.0
55748,254034,"Ishimine, Koito",Supporting,0.0
55748,209590,Jennifer,Supporting,5.0
55748,254341,Lanzhu's Mother,Supporting,0.0
55748,212518,"Shidou, Misaki",Supporting,0.0
59612,254576,Narrator,Main,0.0
59612,23602,"Oshino, Shinobu",Main,32759.0
59012,255080,Menke,Main,2.0
59012,254979,Yasen,Main,2.0
50855,245618,Alphonse,Main,0.0
50855,245619,Isidore,Main,0.0
50855,6769,"Kodai, Susumu",Main,100.0
50855,42714,"Mori, Yuki",Main,55.0
50855,245621,"Ageha, Takeshi",Supporting,0.0
50855,59787,"Aihara, Yoshikazu",Supporting,0.0
50855,44931,Analyzer,Supporting,8.0
50855,172163,Analyzers AU-19,Supporting,0.0
50855,257214,"Bandou, Heiji",Supporting,0.0
50855,59789,"Domon, Ryuusuke",Supporting,1.0
50855,79849,"Hoshina, Tooru",Supporting,0.0
50855,132399,"Kiryuu, Mikage",Supporting,6.0
50855,245622,"Kitano, Seiya",Supporting,0.0
50855,257213,"Kyouzuka, Miyako",Supporting,0.0
50855,79845,"Misaki, Yuria",Supporting,3.0
50855,146411,"Nanbu, Yasuo",Supporting,0.0
50855,150493,"Oota, Kenjirou",Supporting,0.0
50855,257215,"Raiden, Caroline",Supporting,0.0
50855,245620,Rambell,Supporting,1.0
50855,257245,"Sakamoto, Shigeru",Supporting,0.0
50855,42964,"Sanada, Shirou",Supporting,23.0
50855,155744,"Serizawa, Kotetsu",Supporting,0.0
50855,42711,"Shima, Daisuke",Supporting,3.0
50855,83539,"Shinohara, Hiroki",Supporting,0.0
50855,59139,"Tokugawa, Tasuke",Supporting,1.0
50855,172119,"Toudou, Saki",Supporting,3.0
50855,59627,"Toudou, Heikurou",Supporting,0.0
54603,248500,Anzu-chan,Main,0.0
54603,248501,Karin-chan,Main,0.0
54603,248505,Binbougami,Supporting,0.0
54603,248506,King Enma,Supporting,0.0
54603,248504,Osho-san,Supporting,0.0
54603,248502,Tetsuya,Supporting,0.0
54603,248503,Yuuki,Supporting,0.0
59010,92787,Storyteller,Main,71.0
58905,249249,"Mano, Kazuto",Main,0.0
58905,248896,"Mutou, Yayoi",Main,0.0
59750,209476,"Mori, Calliope",Main,132.0
59750,158806,"Quinn, Harley",Main,207.0
59750,238451,Clayface,Supporting,12.0
59750,238449,Deadshot,Supporting,5.0
59750,242833,"Flag, Rick",Supporting,0.0
59750,238452,King Shark,Supporting,7.0
59750,238450,Peacemaker,Supporting,12.0
59750,209476,"Mori, Calliope",Main,132.0
59750,158806,"Quinn, Harley",Main,207.0
59750,238451,Clayface,Supporting,12.0
59750,238449,Deadshot,Supporting,5.0
59750,242833,"Flag, Rick",Supporting,0.0
59750,238452,King Shark,Supporting,7.0
59750,238450,Peacemaker,Supporting,12.0
56207,151865,"Mo, Fan",Main,213.0
56207,151865,"Mo, Fan",Main,213.0
58776,253729,"Nanase, Haruka",Main,7.0
58776,255252,Nazaki,Main,0.0
58776,255253,Ryousuke,Main,0.0
58894,134420,"Hasebe, Heshikiri",Main,33.0
58894,134384,"Kunihiro, Yamanbagiri",Main,134.0
58894,256096,"Akechi, Mitsuhide",Supporting,0.0
58894,134391,"Aoe, Nikkari",Supporting,27.0
58894,158591,"Fudou, Yukimitsu",Supporting,5.0
58894,134393,"Hitofuri, Ichigo",Supporting,39.0
58894,134406,Hotarumaru,Supporting,34.0
58894,134388,Ishikirimaru,Supporting,10.0
58894,134424,Jiroutachi,Supporting,10.0
58894,134382,"Kanesada, Kasen",Supporting,11.0
58894,134381,"Kiyomitsu, Kashuu",Supporting,224.0
58894,150751,Konnosuke,Supporting,7.0
58894,134385,"Kotetsu, Hachisuka",Supporting,4.0
58894,134415,"Kunihiro, Yamabushi",Supporting,7.0
58894,134416,"Kunihiro, Horikawa",Supporting,62.0
58894,134423,"Kuninaga, Tsurumaru",Supporting,210.0
58894,134407,"Kunitoshi, Aizen",Supporting,3.0
58894,134422,"Masakuni, Doudanuki",Supporting,12.0
58894,134409,"Mitsutada, Shokudaikiri",Supporting,144.0
58894,134386,"Munechika, Mikazuki",Supporting,349.0
58894,134392,Nakigitsune,Supporting,54.0
58894,134419,Ookurikara,Supporting,61.0
58894,134426,Otegine,Supporting,2.0
58894,134411,"Samonji, Souza",Supporting,9.0
58894,134408,Tonbokiri,Supporting,18.0
58894,134400,"Toushirou, Midare",Supporting,15.0
58894,134395,"Toushirou, Honebami",Supporting,23.0
58894,134396,"Toushirou, Hirano",Supporting,1.0
58894,134397,"Toushirou, Atsushi",Supporting,2.0
58894,134398,"Toushirou, Maeda",Supporting,2.0
58894,134399,"Toushirou, Akita",Supporting,7.0
58894,134404,Uguisumaru,Supporting,3.0
58894,256097,Yasuke,Supporting,0.0
58894,134383,"Yoshiyuki, Mutsunokami",Supporting,85.0
59274,190045,"Namihira, Bon",Main,2.0
59274,190047,"Yasukawa, Yumiko",Main,0.0
59274,190048,Buyoyon,Supporting,0.0
59274,197646,"Fujiko F., Fujio",Supporting,1.0
59274,245508,Gayler,Supporting,1.0
59274,218162,"Namihira, Mother",Supporting,0.0
59274,252993,Rebecca,Supporting,0.0
59274,190050,"Shiraishi, Tetsuo",Supporting,0.0
59274,245507,"Shiraki, Youko",Supporting,0.0
59274,190046,"Stream, Ream",Supporting,5.0
59274,245506,Yanagisawa,Supporting,0.0
59274,215545,Zabrock,Supporting,0.0
54143,250859,"Aikawa, Kuon",Main,0.0
54143,238872,"Myoudou, Akina",Main,5.0
54143,238877,Gabwelius,Supporting,0.0
54143,235719,Gui,Supporting,0.0
54143,219084,"Hazama, Michiru",Supporting,5.0
54143,238873,"Inabe, Nao",Supporting,5.0
54143,191363,"Iseki, Masanori",Supporting,2.0
54143,250862,"Kanae, Senka",Supporting,1.0
54143,219083,"Kiyokura, Taizou",Supporting,2.0
54143,250861,"Kurosaki, Kyouma",Supporting,0.0
54143,221248,"Mukae, Jinki",Supporting,2.0
54143,238876,"Myoudou, Hikari",Supporting,2.0
54143,191360,"Ookura, Megumi",Supporting,5.0
54143,250860,"Saionji, Yuna",Supporting,0.0
54143,238875,"Saitou, Mikoto",Supporting,2.0
54143,191362,"Seto, Tomari",Supporting,4.0
54143,250863,Sybilt,Supporting,0.0
54143,238874,"Yobitsugi, Suou",Supporting,0.0
58892,256651,Daisuke,Main,0.0
58892,256648,"Honjou, Chisato",Main,1.0
58892,256646,"Inoue, Mitsuki",Main,1.0
58892,256644,"Izumi, Fuuka",Main,2.0
58892,256643,"Morishita, Nagisa",Main,3.0
59049,251281,"Hosoi, Mariko",Main,0.0
59049,251282,"Kirigaya, Nagi",Main,0.0
59049,251283,"Kanzaki, Rina",Supporting,0.0
59049,251284,"Makishima, Kouhei",Supporting,0.0
59049,251285,"Satou, Kazuki",Supporting,0.0
59049,251286,"Shindou, Moeka",Supporting,0.0
57754,227731,"Chihaya, Anon",Main,97.0
57754,227732,"Kaname, Raana",Main,61.0
57754,227734,"Nagasaki, Soyo",Main,72.0
57754,227735,"Shiina, Taki",Main,33.0
57754,227730,"Takamatsu, Tomori",Main,216.0
59162,25087,Alexandria Meat,Main,2.0
59162,3364,"Kinniku, Suguru",Main,91.0
59162,171575,Akuma Shougun,Supporting,3.0
59162,33757,Ashuraman,Supporting,4.0
59162,146060,Atlantis,Supporting,1.0
59162,191815,Big the Budo,Supporting,0.0
59162,25095,Brocken Jr.,Supporting,10.0
59162,25071,Buffaloman,Supporting,10.0
59162,141172,Iwao,Supporting,1.0
59162,141171,Kinkotsuman,Supporting,2.0
59162,170127,Kinnikuman Super Phoenix,Supporting,0.0
59162,33788,Neptuneman,Supporting,1.0
59162,8079,"Ramenman, Victory",Supporting,18.0
59162,41780,Robin Mask,Supporting,29.0
59162,146059,Springman,Supporting,1.0
59162,25096,Terryman,Supporting,14.0
59162,29743,Warsman,Supporting,21.0
59162,25097,Wolfman,Supporting,0.0
56215,189308,"Bai, Xiaochun",Main,69.0
59465,145734,"Fujimaru, Ritsuka",Main,144.0
59465,145733,"Kyrielight, Mash",Main,1400.0
59465,130007,Aka no Lancer,Supporting,534.0
59465,254512,Amazoness A,Supporting,0.0
59465,254513,Amazoness B,Supporting,0.0
59465,254514,Amazoness C,Supporting,0.0
59465,199284,Arjuna,Supporting,20.0
59465,199199,Ashwatthama,Supporting,1.0
59465,2585,Assassin,Supporting,178.0
59465,3255,"Atlasia, Sion Eltnam",Supporting,139.0
59465,173524,Berserker,Supporting,24.0
59465,233632,"Bonaparte, Napoleon",Supporting,1.0
59465,231196,"Caesar, Gaius Julius",Supporting,0.0
59465,228260,Captain Nemo,Supporting,1.0
59465,256883,Charlemagne,Supporting,0.0
59465,256663,Cleopatra,Supporting,0.0
59465,169279,"da Vinci, Leonardo",Supporting,52.0
59465,162000,Hassan of the Serenity,Supporting,29.0
59465,257189,Himiko,Supporting,0.0
59465,256273,"Huyan, Zhuo",Supporting,0.0
59465,257190,Iyo,Supporting,0.0
59465,243180,Kama,Supporting,7.0
59465,169591,Kiyohime,Supporting,36.0
59465,79995,Kuro no Rider,Supporting,4560.0
59465,213043,"Kyokutei, Bakin",Supporting,1.0
59465,222863,Lancer,Supporting,3.0
59465,169924,"Miyamoto, Musashi",Supporting,207.0
59465,203685,"Murasaki, Shikibu",Supporting,5.0
59465,222865,"Musik, Goredolf",Supporting,0.0
59465,179613,Nitocris,Supporting,54.0
59465,187694,Osakabehime,Supporting,10.0
59465,134604,Ozymandias,Supporting,109.0
59465,201761,"Rasputin, Grigori",Supporting,3.0
59465,190702,Red Hare,Supporting,1.0
59465,256884,Roland,Supporting,0.0
59465,257191,"Saitou, Hajime",Supporting,0.0
59465,256664,"Sen, Rikyuu",Supporting,0.0
59465,226328,Tezcatlipoca,Supporting,3.0
59465,254337,Tlaloc,Supporting,0.0
59465,145734,"Fujimaru, Ritsuka",Main,144.0
59465,145733,"Kyrielight, Mash",Main,1400.0
59465,130007,Aka no Lancer,Supporting,534.0
59465,254512,Amazoness A,Supporting,0.0
59465,254513,Amazoness B,Supporting,0.0
59465,254514,Amazoness C,Supporting,0.0
59465,199284,Arjuna,Supporting,20.0
59465,199199,Ashwatthama,Supporting,1.0
59465,2585,Assassin,Supporting,178.0
59465,3255,"Atlasia, Sion Eltnam",Supporting,139.0
59465,173524,Berserker,Supporting,24.0
59465,233632,"Bonaparte, Napoleon",Supporting,1.0
59465,231196,"Caesar, Gaius Julius",Supporting,0.0
59465,228260,Captain Nemo,Supporting,1.0
59465,256883,Charlemagne,Supporting,0.0
59465,256663,Cleopatra,Supporting,0.0
59465,169279,"da Vinci, Leonardo",Supporting,52.0
59465,162000,Hassan of the Serenity,Supporting,29.0
59465,257189,Himiko,Supporting,0.0
59465,256273,"Huyan, Zhuo",Supporting,0.0
59465,257190,Iyo,Supporting,0.0
59465,243180,Kama,Supporting,7.0
59465,169591,Kiyohime,Supporting,36.0
59465,79995,Kuro no Rider,Supporting,4560.0
59465,213043,"Kyokutei, Bakin",Supporting,1.0
59465,222863,Lancer,Supporting,3.0
59465,169924,"Miyamoto, Musashi",Supporting,207.0
59465,203685,"Murasaki, Shikibu",Supporting,5.0
59465,222865,"Musik, Goredolf",Supporting,0.0
59465,179613,Nitocris,Supporting,54.0
59465,187694,Osakabehime,Supporting,10.0
59465,134604,Ozymandias,Supporting,109.0
59465,201761,"Rasputin, Grigori",Supporting,3.0
59465,190702,Red Hare,Supporting,1.0
59465,256884,Roland,Supporting,0.0
59465,257191,"Saitou, Hajime",Supporting,0.0
59465,256664,"Sen, Rikyuu",Supporting,0.0
59465,226328,Tezcatlipoca,Supporting,3.0
59465,254337,Tlaloc,Supporting,0.0
59120,251867,Kirill,Main,4.0
59120,251866,"Kirishima, Ryuuki",Main,1.0
59120,251869,"Kirishima, Reiko",Supporting,0.0
59120,251868,"Ueno, Chiaki",Supporting,1.0
56488,2578,"Kaminagi, Ryouko",Main,28.0
56488,2581,"Misaki, Shizuno",Main,5.0
56488,2579,"Sogoru, Kyou",Main,16.0
56488,2582,"Avenir, Chris",Supporting,1.0
56488,249598,Basforta,Supporting,0.0
56488,249595,Giten,Supporting,0.0
56488,2584,"Jen, May-Yu",Supporting,0.0
56488,249602,Lupa,Supporting,0.0
56488,2583,"Mao, Lu Sheng",Supporting,4.0
56488,2580,May-Yen,Supporting,0.0
56488,249597,Milch,Supporting,0.0
56488,15734,Minato,Supporting,15.0
56488,249596,Sefto,Supporting,0.0
56488,249599,Sid,Supporting,0.0
56488,249600,Tooya,Supporting,0.0
56488,249601,Tsukuruna,Supporting,0.0
56488,244246,"Welt, Hal",Supporting,0.0
59363,244640,Fuu,Main,12.0
59363,244587,Ichiko,Main,8.0
59363,244535,Live,Main,26.0
59363,244677,Tokage,Main,6.0
59363,244743,Yuki,Main,15.0
59363,244397,"Sonoue, Masaki",Supporting,38.0
59363,244640,Fuu,Main,12.0
59363,244587,Ichiko,Main,8.0
59363,244535,Live,Main,26.0
59363,244677,Tokage,Main,6.0
59363,244743,Yuki,Main,15.0
59363,244397,"Sonoue, Masaki",Supporting,38.0
58462,240102,"Inukai, Komugi",Main,35.0
58462,240143,"Inukai, Iroha",Main,11.0
58462,252376,Natsuki,Main,0.0
58462,240145,"Nekoyashiki, Mayu",Main,16.0
58462,240144,"Nekoyashiki, Yuki",Main,20.0
58462,240147,"Toyama, Daifuku",Main,4.0
58462,240146,"Toyama, Satoru",Main,8.0
58462,136826,"Asahina, Mirai",Supporting,37.0
58462,223407,Ellee,Supporting,12.0
58462,136718,"Hanami, Kotoha",Supporting,28.0
58462,223403,"Harewataru, Sora",Supporting,72.0
58462,223406,"Hijiri, Ageha",Supporting,40.0
58462,136716,"Izayoi, Liko",Supporting,38.0
58462,136822,Mofurun,Supporting,23.0
58462,223404,"Nijigaoka, Mashiro",Supporting,56.0
58462,223405,"Yuunagi, Tsubasa",Supporting,40.0
59596,7453,"Bartholomew, Kuma",Main,652.0
59596,22646,"Emporio, Ivankov",Main,153.0
59596,4884,"Monkey D., Dragon",Main,289.0
59596,32893,Sabo,Main,1740.0
59596,85647,Bartolomeo,Supporting,713.0
59596,5627,Brook,Supporting,10720.0
59596,85649,Cavendish,Supporting,61.0
59596,2754,"Donquixote, Doflamingo",Supporting,4412.0
59596,64,Franky,Supporting,6482.0
59596,108597,Hack,Supporting,1.0
59596,43093,Koala,Supporting,85.0
59596,162401,Lindbergh,Supporting,1.0
59596,40,"Monkey D., Luffy",Supporting,140867.0
59596,723,Nami,Supporting,15811.0
59596,61,"Nico, Robin",Supporting,21947.0
59596,85651,Rebecca,Supporting,54.0
59596,62,"Roronoa, Zoro",Supporting,111424.0
59596,20175,Roswald,Supporting,0.0
59596,305,Sanji,Supporting,31626.0
59596,309,"Tony Tony, Chopper",Supporting,16133.0
59596,724,Usopp,Supporting,14400.0
59596,26321,Vegapunk,Supporting,18.0
58926,249387,Golden Retriever,Main,0.0
58926,249384,Legendary Final Climax Bomb,Main,0.0
58926,252425,"Checkers, Center Part",Supporting,0.0
58926,249390,Cursed Guitar Case,Supporting,0.0
58926,249385,End of the World,Supporting,0.0
58926,249391,God Eyes,Supporting,0.0
58926,249392,Invisible Stalker,Supporting,0.0
58926,249394,Mohawk Dots,Supporting,0.0
58926,249393,Perm Stripe,Supporting,0.0
58926,249386,Ukkari Hacibee,Supporting,3.0
58926,249388,Uninvited Guest,Supporting,0.0
58926,249389,Wizard,Supporting,0.0
59276,231381,"Kotobuki, Hisako",Main,7.0
59276,231383,"Michinoku, Komaro",Main,23.0
59276,231378,"Mizunoe, Ume",Main,1.0
59276,231380,"Otori, Tan",Main,9.0
59276,231379,"Terui, Arisu",Main,3.0
59276,231377,"Hiratsuka, Satomi",Supporting,1.0
59276,231385,"Honma, Chloe",Supporting,0.0
59276,231382,"Houjo, Youka",Supporting,1.0
59276,252691,"Janome, Wani",Supporting,1.0
59276,253774,"Saegusa, Yoshino",Supporting,0.0
59276,231381,"Kotobuki, Hisako",Main,7.0
59276,231383,"Michinoku, Komaro",Main,23.0
59276,231378,"Mizunoe, Ume",Main,1.0
59276,231380,"Otori, Tan",Main,9.0
59276,231379,"Terui, Arisu",Main,3.0
59276,231377,"Hiratsuka, Satomi",Supporting,1.0
59276,231385,"Honma, Chloe",Supporting,0.0
59276,231382,"Houjo, Youka",Supporting,1.0
59276,252691,"Janome, Wani",Supporting,1.0
59276,253774,"Saegusa, Yoshino",Supporting,0.0
59770,192452,"Houjou, Tokiyuki",Main,99.0
59770,194767,"Suwa, Yorishige",Main,33.0
59770,194765,"Ashikaga, Takauji",Supporting,2.0
59770,208914,Fubuki,Supporting,15.0
59770,192453,"Houjou, Takatoki",Supporting,1.0
59770,208915,"Houjou, Kunitoki",Supporting,0.0
59770,208940,"Ichikawa, Sukefusa",Supporting,0.0
59770,208913,"Kazama, Genba",Supporting,5.0
59770,194769,"Mochizuki, Ayako",Supporting,5.0
59770,194770,"Nezu, Kojirou",Supporting,7.0
59770,208939,"Ogasawara, Sadamune",Supporting,3.0
59770,252294,"Settsu no, Kiyoko",Supporting,0.0
59770,252293,"Settsu no, Chikaaki",Supporting,0.0
59770,194766,Shizuku,Supporting,17.0
59770,208941,Shoukan,Supporting,1.0
59770,208918,"Suwa, Moritaka",Supporting,0.0
58522,245650,Colon,Main,3.0
58522,245653,Jel,Main,3.0
58522,245652,Nanamori,Main,5.0
58522,245648,Riinu,Main,6.0
58522,245649,Root,Main,3.0
58522,245651,Satomi,Main,2.0
59148,253766,"Moriarty, Sherry",Main,0.0
59148,253765,"Moriarty, James",Main,0.0
59148,253768,Miss Fairlady,Supporting,0.0
59148,253767,"Whey Cochon, Porgrette",Supporting,0.0
59944,256589,Dooh,Main,0.0
59944,256890,Gogoat,Main,0.0
59944,256888,Julian,Main,0.0
59944,257200,Koaruhie,Main,0.0
59944,257132,Konoyozaru,Main,0.0
59944,256398,Okorizaru,Main,0.0
59944,254838,Pamo,Main,0.0
59944,215505,Upah,Main,18.0
59944,223094,Arbok,Supporting,0.0
59944,222763,Caterpie,Supporting,2.0
59944,223180,Dedenne,Supporting,2.0
59944,222874,Eipam,Supporting,0.0
59944,232597,Eneko,Supporting,1.0
59944,222122,Kabigon,Supporting,20.0
59944,222352,Koduck,Supporting,44.0
59944,256889,Lucas,Supporting,0.0
59944,223095,Matadogas,Supporting,0.0
59944,215580,Nazonokusa,Supporting,3.0
59944,234566,Nyasper,Supporting,1.0
59944,232598,Nymphia,Supporting,13.0
59944,254835,Usohachi,Supporting,0.0
59944,141183,Usokki,Supporting,0.0
59944,222345,Yadon,Supporting,7.0
59944,222342,Yancham,Supporting,0.0
59118,256769,Reginetta,Main,0.0
59118,256771,Lamia,Supporting,0.0
59118,256770,Slime Girl,Supporting,0.0
59301,253698,Mavuika,Main,3.0
59301,253702,"Ajaw, K'uhul",Supporting,0.0
59301,253705,Chasca,Supporting,0.0
59301,253703,Citlali,Supporting,0.0
59301,253706,Iansan,Supporting,0.0
59301,246950,Il Capitano,Supporting,11.0
59301,253700,Kachina,Supporting,0.0
59301,253701,Kinich,Supporting,1.0
59301,253699,Mualani,Supporting,5.0
59301,253707,Ororon,Supporting,0.0
59301,253704,Xilonen,Supporting,5.0
59908,179678,Aramaki,Main,10.0
59908,21093,Borsalino,Main,619.0
59908,82259,Isshou,Main,333.0
59908,12361,Koby,Main,173.0
59908,8064,"Monkey D., Garp",Main,752.0
59908,22687,Sakazuki,Main,315.0
59908,64,Franky,Supporting,6479.0
59908,12362,Helmeppo,Supporting,11.0
59908,241452,Hibari,Supporting,2.0
59908,18938,Jinbe,Supporting,4140.0
59908,2752,Kuzan,Supporting,715.0
59908,40,"Monkey D., Luffy",Supporting,140850.0
59908,723,Nami,Supporting,15809.0
59908,61,"Nico, Robin",Supporting,21942.0
59908,2072,"Portgas D., Ace",Supporting,11214.0
59908,242014,"Prince, Grus",Supporting,0.0
59908,62,"Roronoa, Zoro",Supporting,111413.0
59908,305,Sanji,Supporting,31621.0
59908,13018,Sengoku,Supporting,35.0
59908,21804,Sentoumaru,Supporting,3.0
59908,724,Usopp,Supporting,14397.0
59908,26321,Vegapunk,Supporting,18.0
59908,20289,"X, Drake",Supporting,29.0
59807,128412,Convoy,Main,25.0
59807,3920,Megatron,Main,65.0
59245,231936,"Meng, Chuan",Main,6.0
59398,238044,"Fang, Han",Main,0.0
59389,257251,"Chen, Pingan",Main,0.0
59389,257252,"Ning, Yao",Supporting,0.0
58196,48845,Kocchi,Main,4.0
58196,13564,"Yamada, Miwa",Main,6.0
58196,13563,"Yamada, Kento",Main,11.0
58196,11809,"Yamada, Youhei",Main,13.0
58196,10765,"Yamada, Chi",Main,603.0
58196,255783,Aina,Supporting,0.0
58196,255782,Breezy,Supporting,0.0
58196,255781,Champuru,Supporting,0.0
58196,16307,Kuroino,Supporting,31.0
58196,255822,Sa,Supporting,0.0
58196,255821,Shi,Supporting,0.0
58196,255780,Sunny,Supporting,0.0
58797,217910,"Huo, Linger",Main,7.0
58797,217906,"Shi, Hao",Main,37.0
59428,184049,"Houshou, Marine",Main,741.0
58944,249616,MAMEchi,Main,0.0
58944,249611,Pihai,Main,0.0
58944,249617,Pop-poh,Main,0.0
58944,249612,Rain,Main,0.0
58944,249615,Ya-nu-ka-mi,Main,0.0
58944,249621,Bira,Supporting,0.0
58944,249614,Chimata,Supporting,0.0
58944,249618,Chulala,Supporting,0.0
58944,249613,Micoon,Supporting,0.0
58944,249619,Moco,Supporting,0.0
58944,249620,Ruru,Supporting,0.0
58506,250582,Puppy,Main,0.0
58506,238984,Dog-senpai,Supporting,0.0
58506,250583,Shaking Dog,Supporting,0.0
59275,134763,"Ichijou, Shin",Main,6.0
59275,134766,"Juuouin, Kakeru",Supporting,6.0
59275,83561,"Mihama, Kouji",Supporting,11.0
59275,134768,"Saionji, Leo",Supporting,4.0
59275,134769,"Suzuno, Yuu",Supporting,3.0
59275,134764,"Tachibana, Yukinojou",Supporting,9.0
59275,134767,"Takahashi, Minato",Supporting,1.0
59011,252364,"Higuma, Akira",Main,0.0
59011,252363,"Kujou, Kentarou",Main,0.0
59011,252365,"Leo, Ryou",Main,0.0
59011,252360,"Leo, Akito",Main,0.0
59011,252359,"Saikawa, Kyuusaku",Main,0.0
59011,252362,"Shouji, Nao",Main,0.0
59011,252361,"Udou, Yuusei",Main,0.0
59385,253709,Sibuxiang,Main,3.0
59385,253376,Tianlu,Main,0.0
59385,255109,Tuye,Supporting,4.0
59629,176208,"Cretia, Liselotte",Main,49.0
59629,147858,Rio,Main,450.0
59629,188157,Aishia,Supporting,143.0
59629,147860,"Claire, Celia",Supporting,448.0
59629,199304,"Gavaness, Aria",Supporting,1.0
59629,199290,"Sendou, Aki",Supporting,2.0
59629,199291,"Sendou, Masato",Supporting,3.0
59996,83549,Gumi,Main,268.0
59996,9272,"Kagamine, Rin",Main,723.0
59996,19274,"Megurine, Luka",Main,672.0
59615,144902,Lillie,Main,276.0
59615,192916,Mary,Main,71.0
59615,37480,N,Main,626.0
59615,250964,Dorameshiya,Supporting,0.0
59615,250966,Dorapult,Supporting,0.0
59615,250965,Doronch,Supporting,0.0
59615,2909,Kasumi,Supporting,551.0
59615,222352,Koduck,Supporting,44.0
59615,222291,Lizardon,Supporting,21.0
59615,189269,Pichu,Supporting,6.0
59615,222244,Pippi,Supporting,0.0
59615,60323,Reshiram,Supporting,3.0
59615,254837,Uu,Supporting,0.0
59615,41132,Zoroark,Supporting,19.0
59616,223180,Dedenne,Main,2.0
59616,222355,Nassy,Main,0.0
59616,222123,Kairyuu,Supporting,4.0
59616,189269,Pichu,Supporting,6.0
59616,3891,Pikachu,Supporting,1788.0
59616,207534,Purin,Supporting,17.0
59616,53521,Togepi,Supporting,58.0
59616,222345,Yadon,Supporting,7.0
59616,218344,Zenigame,Supporting,16.0
59656,17947,Shirona,Main,321.0
59656,27162,"Tsuwabuki, Daigo",Main,96.0
59656,7042,Wataru,Main,22.0
59656,36904,Arceus,Supporting,20.0
59656,222475,Gaburiasu,Supporting,8.0
59656,222123,Kairyuu,Supporting,4.0
59656,222474,Metagross,Supporting,4.0
59357,209632,Gekkouga,Main,50.0
59357,251025,Irukaman,Main,0.0
59357,234571,Kuwassu,Main,1.0
59357,199750,Pochama,Main,52.0
59620,222830,Golone,Main,0.0
59620,254959,Gorirander,Main,0.0
59620,240082,Hassboh,Main,1.0
59620,254839,Kanuchan,Main,0.0
59620,254836,Makunoshita,Main,0.0
59620,254838,Pamo,Main,0.0
59620,234568,Sarunori,Main,1.0
59620,254960,Strinder,Main,0.0
59620,254835,Usohachi,Main,0.0
59620,141183,Usokki,Main,0.0
59620,254837,Uu,Main,0.0
59620,254834,Wanriki,Main,0.0
59620,223630,Balkie,Supporting,0.0
59620,222763,Caterpie,Supporting,2.0
59620,215506,Diguda,Supporting,1.0
59620,250964,Dorameshiya,Supporting,0.0
59620,250966,Dorapult,Supporting,0.0
59620,222351,Ishitsubute,Supporting,1.0
59620,222352,Koduck,Supporting,44.0
59620,222120,Koiking,Supporting,3.0
59620,223704,Minun,Supporting,3.0
59620,200449,Mokurou,Supporting,27.0
59620,222356,Mukuhawk,Supporting,0.0
59620,222355,Nassy,Supporting,0.0
59620,189269,Pichu,Supporting,6.0
59620,223703,Plusle,Supporting,1.0
59620,207534,Purin,Supporting,17.0
59620,215505,Upah,Supporting,18.0
59620,234564,Yanappu,Supporting,0.0
59789,246010,"Hiodoshi, Ao",Main,2.0
59372,222765,Houou,Main,0.0
59372,222291,Lizardon,Main,21.0
59901,256164,Ran,Main,0.0
59901,256165,Sensei,Main,0.0
59875,3891,Pikachu,Main,1788.0
59875,225626,Blacky,Supporting,6.0
59875,222764,Butterfree,Supporting,2.0
59875,222118,Gardie,Supporting,2.0
59875,222828,Nyorozo,Supporting,1.0
59875,222244,Pippi,Supporting,0.0
59875,234568,Sarunori,Supporting,1.0
59790,130935,"Matsuno, Juushimatsu",Main,863.0
59790,130936,"Matsuno, Todomatsu",Main,310.0
59790,130934,"Matsuno, Ichimatsu",Main,1283.0
59790,130933,"Matsuno, Choromatsu",Main,370.0
59790,130932,"Matsuno, Karamatsu",Main,1186.0
59790,89105,"Matsuno, Osomatsu",Main,388.0
59946,256388,"Impala, Tame",Main,0.0
